"Key","Item Type","Publication Year","Author","Title","Publication Title","ISBN","ISSN","DOI","Url","Abstract Note","Date","Date Added","Date Modified","Access Date","Pages","Num Pages","Issue","Volume","Number Of Volumes","Journal Abbreviation","Short Title","Series","Series Number","Series Text","Series Title","Publisher","Place","Language","Rights","Type","Archive","Archive Location","Library Catalog","Call Number","Extra","Notes","File Attachments","Link Attachments","Manual Tags","Automatic Tags","Editor","Series Editor","Translator","Contributor","Attorney Agent","Book Author","Cast Member","Commenter","Composer","Cosponsor","Counsel","Interviewer","Producer","Recipient","Reviewed Author","Scriptwriter","Words By","Guest","Number","Edition","Running Time","Scale","Medium","Artwork Size","Filing Date","Application Number","Assignee","Issuing Authority","Country","Meeting Name","Conference Name","Court","References","Reporter","Legal Status","Priority Numbers","Programming Language","Version","System","Code","Code Number","Section","Session","Committee","History","Legislative Body"
"LGX85HJB","journalArticle","2025","Y, M.K.; P, V.K.","A hybrid method incorporating new-grouped SSA with joint ICA and unsupervised clustering for removing multiple artifacts from single-channel EEG","Computer Methods in Biomechanics and Biomedical Engineering","","","10.1080/10255842.2025.2475462","https://www.scopus.com/pages/publications/105000256867?origin=resultslist","Electroencephalogram (EEG) signals collected through ambulatory systems are frequently marred by a medley of disturbances, including electrooculogram (EOG), Motion Artifacts (MA), Electrical Shift and Linear Trend (ESLT), and Electromyography (EMG) artifacts. These artifacts considerably impede the precision of subsequent EEG analysis in practical applications. To date, various approaches have been devised, integrating decomposition methods and Blind Source Separation techniques, to address single or multiple artifacts. However, only a limited number of techniques have been developed for the simultaneous removal of low and high-frequency multiple artifacts from single-channel EEG recordings. It is worth noting that improperly denoised EEG signals can lead to misdiagnosis. In this work, we introduce a novel approach that leverages a new grouped Singular Spectrum Analysis (SSA) technique along with unsupervised k-means clustering controlled Blind Source Separation (BSS) to tackle the simultaneous removal of diverse artifacts from single-channel EEG data. Notably, our method operates without relying on statistical thresholds, thereby enhancing automation in the artifact removal process. The effectiveness of the proposed algorithm is validated using both synthesized and real-world EEG databases, and its performance is evaluated based on metrics such as (Formula presented.) SNR, (Formula presented.) and RRMSE. © 2025 Informa UK Limited, trading as Taylor & Francis Group.","2025","2026-05-28 02:20:58","2026-05-28 02:20:58","","","","","","","","","","","","","","","","","","Scopus","","","","","","","","electroencephalogram; Electroencephalography; algorithm; artifact; decomposition; electroencephalography; electrooculogram; electrooculography; human; article; automation; benchmarking; blind source separation; clustering; controlled study; data base; diagnosis; diagnostic error; electromyogram; electromyography; EMG; EOG; female; human experiment; hybrid; k means clustering; normal human; separation technique; SSA","","","","","","","","","","","","","","","","","","","","","","","","","","","","","","","","","","","","","","","","","","","","","","",""
"B755MCQS","journalArticle","2023","Bhattacharyya, A.; Verma, A.; Ranta, R.; Pachori, R.B.","Ocular Artifacts Elimination From Multivariate EEG Signal Using Frequency-Spatial Filtering","IEEE Transactions on Cognitive and Developmental Systems","","","10.1109/TCDS.2022.3226775","https://www.scopus.com/pages/publications/85144776942?origin=resultslist","The electroencephalogram (EEG) signals record electrical activities generated by the brain cells and are used as a state-of-the-art diagnosis tool for various neural disorders. However, the unwanted artifacts often contaminate the recorded EEG signals and disturb the interpretation of the neuronal activity. This article aims to propose an efficient automatic method to eliminate the ocular artifacts (OAs) from the multichannel EEG signals with novel frequency-spatial filtering. The method combines dictionary-based spatial filtering and frequency-based signal decomposition method, namely, empirical wavelet transform (EWT). The artifact dictionary needed for spatial filtering is isolated from the raw data by: 1) selecting the contaminated channels and 2) frequency-domain filtering. More precisely, the δ -rhythms of identified highly contaminated channels are selected and placed into an artifact dictionary. Afterward, the δ -rhythms of multichannel EEG signals are spatially filtered using the built dictionary to seclude the OAs within a limited number of components. Furthermore, the artifact components are eliminated and clean δ -rhythms are recovered using the inverse spatial filtering technique. Finally, the clean δ -rhythms are combined with other EEG rhythms to reconstruct the OA-free signals. The proposed method is applied to OA-contaminated synthetic and real multichannel EEG signals with a convincing performance as compared to state-of-the-art approaches. The proposed method removes the OAs without affecting the background EEG information. The proposed method can ease sensor signal interpretation and further processing, e.g., for BCI applications.  © 2016 IEEE.","2023","2026-05-28 02:20:58","2026-05-28 02:20:58","","1547-1559","","3","15","","","","","","","","","","","","","Scopus","","","","","","D:\zoterodb\AbhijitBhattacharyy2023.pdf","","Brain; Electroencephalography; Ocular artifacts; Wavelet decomposition; Electroencephalogram; Electrophysiology; Principal component analysis; Beamforming; Discrete wavelet transforms; Discrete-wavelet-transform; Domain filtering; Electroencephalogram (EEG); Empirical wavelet transform; empirical wavelet transform (EWT); Frequency domain analysis; Frequency domains; frequency-domain filtering; Frequency-domain filtering; Inverse problems; ocular artifacts (OAs); Principal-component analysis; Recording; Signal reconstruction; spatial filtering; Spatial filterings; Wavelets transform","","","","","","","","","","","","","","","","","","","","","","","","","","","","","","","","","","","","","","","","","","","","","","",""
"EI4ELTTQ","journalArticle","2021","Ranjan, R.; Chandra Sahana, B.; Kumar Bhandari, A.","Ocular artifact elimination from electroencephalography signals: A systematic review","Biocybernetics and Biomedical Engineering","","","10.1016/j.bbe.2021.06.007","https://www.scopus.com/pages/publications/85109009137?origin=resultslist","Electroencephalography (EEG) is the signal of intrigue that has immense application in the clinical diagnosis of various neurological, psychiatric, psychological, psychophysiological, and neurocognitive disorders. It is significantly crucial in neural communication, brain-computer interface, and other practical tasks. EEG signal is exceptionally susceptible to artifacts, which are external noise signals originated from non-cerebral regions. The interference of artifacts in EEG signals can potentially affect the original recorded EEG signal quality and pattern. Therefore, artifact removal from EEG signal is critically important before applying it to a specific task for accurate outcomes. Researchers have proposed numerous techniques to remove various artifacts present in the contaminated EEG signal. However, neither optimum method nor criterion stands standard for endorsement of clinically recorded EEG signals. Therefore, the research related to artifact elimination from EEG signal is challenging and perplexing task. This paper attempts to give an extensive outline of the advancement in methodologies to eliminate one of the most common artifacts, i.e., ocular artifact. It is anticipated that the study will enlighten the researchers on all the existing ocular artifact elimination techniques with a validated simulation model on the recorded EEG signal. In future advancements, Standard norms in artifact elimination techniques are expected to diminish the neurologist's load by substantiating the clinical diagnosis after gaining correct information from artifact-free EEG signals. © 2021 Nalecz Institute of Biocybernetics and Biomedical Engineering of the Polish Academy of Sciences","2021","2026-05-28 02:20:58","2026-05-29 14:54:25","","960-996","","3","41","","","","","","","","","","","","","Scopus","","","","","","D:\zoterodb\ranjan2021.pdf","","electroencephalography; human; blind source separation; Brain-computer interface; principal component analysis; wavelet transform; artifact reduction; Artifact removal techniques; correlation analysis; digital filtering; EEG signal; empirical mode decomposition; Hybrid method; independent component analysis; machine learning; morphological component analysis; Ocular artifact; Performance evaluation; regression analysis; Review; signal detection; systematic review","","","","","","","","","","","","","","","","","","","","","","","","","","","","","","","","","","","","","","","","","","","","","","",""
"MN9FRUTI","journalArticle","2026","Shaikh, U.Q.; Kalra, A.M.; Lowe, A.; Niazi, I.K.","Multi-head noise regression for single-channel EEG: estimating ocular and muscle contamination to guide artifact removal","Journal of Neural Engineering","","","10.1088/1741-2552/ae541d","https://www.scopus.com/pages/publications/105034945925?origin=resultslist","Objective. Electroencephalography (EEG) is often contaminated by ocular electrooculographic (EOG) and muscle electromyographic (EMG) artifacts, yet many pipelines apply uniform denoising, risking distortion of clean neural activity. We propose a two-head, single-channel regressor that estimates EOG and EMG noise-to-signal ratio (NSR, dB) from short segments and test whether it can guide selective artifact reduction, including downstream brain–computer interface decoding. Approach. Using EEGdenoiseNet clean EEG and artifact exemplars, we synthesized 2 s single-channel mixtures with known EOG/EMG NSR spanning −10 to +10 dB and trained several model families to jointly regress both NSRs. Generalization was evaluated on an independent eyeblink dataset via agreement with regression-based ocular-reference topographies, and in two applications: (i) gating stationary wavelet blink removal on a P3 event-related potential (ERP) dataset and (ii) gating the same denoiser on a 55-subject RSVP P300 speller dataset (FP1/FP2). Main results. A dilated temporal convolutional network (TCN) performed best (EOG: MAE ≈ 1.8 dB, R 2 ≈ 0.82; EMG: MAE ≈ 1.0 dB, R 2 ≈ 0.94) with low bias across NSR. The EOG head recovered blink topographies (median spatial correlation ≈ 0.91). On the P3 dataset, indiscriminate wavelet denoising reduced significant ERP channels, whereas TCN-guided gating preserved 22–23 of 24 while processing ∼9%–20% of segments. On the speller dataset, denoising all epochs reduced decoding, while selective denoising improved AUC (θ = 9 dB: ΔAUC = 0.327, p = 0.0040) while denoising 12.45 ± 9.29% of test segments. Significance. Multi-head noise regression provides interpretable, continuous ocular and muscle contamination estimates that can act as control signals for conservative, noise-aware artifact handling under constrained-lead conditions. © 2026 The Author(s). Published by IOP Publishing Ltd.","2026","2026-05-28 02:20:58","2026-05-28 02:20:58","","","","2","23","","","","","","","","","","","","","Scopus","","","","","","D:\zoterodb\UsmanQamar2026.pdf","","Biomedical signal processing; De-noising; Brain; EEG; Electroencephalography; artifact; Artifact removal; Artifacts; blinking; Blinking; electroencephalography; electrooculography; Electrooculography; eye movement; Eye Movements; human; Humans; physiology; procedures; signal noise ratio; Single channels; Convolutional neural networks; electromyography; female; adult; Brain computer interface; Electrophysiology; male; Convolution; Signal to noise ratio; Adult; artifact removal; brain computer interface; Brain-Computer Interfaces; Convolutional networks; Data reduction; Electromyographic; Electromyography; Event related potentials; Female; Interfaces (computer); Male; Muscle; Neural activity; Neurons; Noise-to-signal ratios; quality assessment; Quality assessment; Regression analysis; Signal-To-Noise Ratio; single channel; Statistical tests; Temporal convolutional network; temporal convolutional network (TCN); Wavelet analysis; young adult; Young Adult","","","","","","","","","","","","","","","","","","","","","","","","","","","","","","","","","","","","","","","","","","","","","","",""
"57UWUXMB","journalArticle","2022","Sharma, S.; Satija, U.","Automated Ocular Artifacts Removal Framework Based on Adaptive Chirp Mode Decomposition","IEEE Sensors Journal","","","10.1109/JSEN.2022.3147010","https://www.scopus.com/pages/publications/85124100873?origin=resultslist","The removal of ocular artifacts (OAs) from electroencephalogram (EEG) signals is crucial for effective and accurate analysis of the signals in different neurological and brain computer interface (BCI) applications. Towards this aspect, various multi-channel and single-channel techniques have been proposed for the removal/suppression of OAs from EEG signals. Recently, due to the rising demand of resource-limited ambulatory systems, single-channel techniques are more preferred for OAs removal. Although the existing techniques effectively remove OAs, they introduce distortion in the denoised EEG signal and the corresponding neurological features. Therefore, in this paper, we propose a framework for automated detection and removal of OAs from single-channel EEG signal based on discrete Fourier transform (DFT) and adaptive chirp mode decomposition (ACMD). The proposed framework is built in four stages: application of DFT to single-channel EEG signal; rejection of low-frequency baseline wander components; processed EEG signal decomposition using ACMD; rejection of mode containing OAs based on proposed peak point count threshold criteria. The performance of the proposed framework is assessed using noise-free EEG and EEG corrupted with OAs signals with different shapes and frequencies taken from three publicly available databases and in terms of different performance metrics. Further, comparative performance analysis demonstrates that the proposed framework outperforms the existing OAs removal techniques based on wavelet thresholding, variational mode decomposition (VMD), and Savitzky-Golay filter (SG-filter).  © 2001-2012 IEEE.","2022","2026-05-28 02:20:58","2026-05-28 02:20:58","","5806-5814","","6","22","","","","","","","","","","","","","Scopus","","","","","","D:\zoterodb\ShivamSharma2022.pdf","","Biomedical signal processing; Electroencephalogram signals; Electroencephalography; Mode decomposition; Ocular artifacts; Wavelet decomposition; Electro-oculogram; Electroencephalogram; electroencephalogram (EEG); Brain computer interface; Electrophysiology; ocular artifacts (OAs); Ocular artifact; Interfaces (computer); Adaptive chirp mode decomposition; Adaptive chirp mode decomposition (ACMD); Discrete fourier transform; discrete Fourier transform (DFT); Discrete Fourier transforms; Eigenvalues and eigenfunctions; electro-oculogram (EOG); Neurology; Signal analysis; Signal resolution","","","","","","","","","","","","","","","","","","","","","","","","","","","","","","","","","","","","","","","","","","","","","","",""
"B9PCI9Q9","journalArticle","2023","Behera, S.; Mohanty, M.N.","A novel functional stock-well transform for ocular artifact removal from EEG","Health and Technology","","","10.1007/s12553-023-00765-z","https://www.scopus.com/pages/publications/85165263075?origin=resultslist","Purpose: portable electroencephalogram (EEG) devices have grown in popularity in recent years. However, the artifacts in EEG while capturing occur mostly due to either external or physiological activities. Before clinically relevant data can be extracted, artifacts must be eliminated. Methods: Different approaches have been proposed earlier for EEG artifact removal. However, the transform-based method and its modified variants have shown good results. Though large application of wavelet transform is there, still S-Transform is unique as it combines the frequency resolution of the time-frequency space with referenced local phase information. Also, it exhibits a frequency invariant amplitude response, in contrast to the wavelet transform. Further, due to symmetrical property of cosine function, it is used for smooth transition of the signal from one period to another and reduces the leakage effect. As the novelty application of stock-well transform (ST) and its variants are used, though its application for feature extraction and classification problem was performed. Further it is modified as functional S-Transform (FST) for improved result. Results: For verification and comparison purpose, different transform techniques are used for experimentation along with variants of ST. The suggested strategy is compared to transform-based methods including the short temporal Fourier transform (STFT), the discrete cosine transforms (DCT), and the discrete wavelet transform (DWT). The evaluating parameters found mean square error (MSE) as1.1554 µV2, normalized mean square error (NMSE) as 0.8969µV, relative error (RE) as 0.693, gain in signal-to-artifact ratio (GSAR) as 9,8971dB, signal-to-noise ratio (SNR) as 69.035dB, and correlation coefficient (CC) as 91.55 %. Conclusions: The efficacy of proposed method is verified, compared and shown in the result section. It is found that the functional S-Transform performs well with measurement of different performance measures as mentioned. © 2023, The Author(s) under exclusive licence to International Union for Physical and Engineering Sciences in Medicine (IUPESM).","2023","2026-05-28 02:20:58","2026-05-28 02:20:58","","601-613","","4","13","","","","","","","","","","","","","Scopus","","","","","","","","electroencephalogram; artifact; signal noise ratio; article; controlled study; feature extraction; wavelet transform; correlation coefficient; Discrete Cosine S-Transform (DCST); discrete cosine transform; Discrete Orthonormal S Transform (DOST); discrete wavelet transform; Discrete Wavelet Transform (DWT); EEG artifact; mean squared error; short time Fourier transform; Short time Fourier transform (STFT); Stockwell transform","","","","","","","","","","","","","","","","","","","","","","","","","","","","","","","","","","","","","","","","","","","","","","",""
"BMKWDASN","journalArticle","2022","Behera, S.; Mohanty, M.N.","Artifact removal using deep WVFLN for brain signal diagnosis through IoMT","Measurement: Sensors","","","10.1016/j.measen.2022.100465","https://www.scopus.com/pages/publications/85138394885?origin=resultslist","Electroencephalography(EEG), helps to analyze the neuronal activity of a human brain in the form of electrical signals with high temporal resolution in the millisecond range. In the case of e-health cares, the internet is the medium for remote patients.To extract clean clinical information from EEG signals, it is essential to remove unwanted signals, called as artifacts, that are due to different causes including at the time of acquisition. In this piece of work, the authors considered the EEG signal contaminated with ocular artifacts. The clean EEG as well as artifactual EEG are taken from the openly available Mendeley database for verifying the performance of the proposed algorithm.Being the artifactual signal is non-linear and non-stationary the Deep Wavelet Vector Functional Link Network(WVFLN) model is used in this case. The Machine Learning approach has taken a leading role in every field of current research and WVFLN is one of them. For the proof of adaptive nature, the model is designed with EEG as a reference and artifactual EEG as input.To vary the weight and reduce the error, an exponentially weighted Recursive Least Square(RLS) algorithm is used to update the output layer weight of the novel WVFLN model. The Wavelet coefficients are considered in this model with a radial basis function to satisfy the required signal experimentation. It is found that the result is excellent in terms of Mean Square Error(MSE), Root Mean Square Error(RMSE).The MSE and RMSE are found as 0.18μV2 and 0.4242 μV respectively.Also, the proposed method is compared with the earlier methods to show its efficacy. © 2022","2022","2026-05-28 02:20:57","2026-05-28 02:20:57","","","","","24","","","","","","","","","","","","","Scopus","","","","","","","","Biomedical signal processing; Brain; Electroencephalography; Electrophysiology; Discrete wavelet transforms; Discrete-wavelet-transform; Signal reconstruction; Mean square error; Constrained independent component analysis; Constrained independent component Analysis(cICA); Discrete wavelet transform(DWT); Errors; Functional-link network; Independent component analysis; Internet of medical thing; Internet of medical Things(IoMT); Mean square error(MSE); Means square errors; Network models; Radial basis function networks; Random vector functional link network; Random vector functional link network (RVFLN); Random vectors; Wavelet vector functional link network; Wavelet vector functional link network (WVFLN)","","","","","","","","","","","","","","","","","","","","","","","","","","","","","","","","","","","","","","","","","","","","","","",""
"FRRZIA9N","conferencePaper","2024","Babu, J.S.; Vardhan, B.S.; Nikitha, K.; Nikhitha, R.S.; Suram, S.D.","Blink Elimination in EEG signals using Two phase Variational Mode Decomposition","","","","10.1109/ICPCSN62568.2024.00141","https://www.scopus.com/pages/publications/85201702700?origin=resultslist","The Electroencephalogram (EEG) are the data collected from human scalp to analyze functioning of the brain. These EEG signals usually contaminate with other signals like ocular artifacts (OA). There exist signal decomposition methods like wavelet decomposition, empirical mode decomposition (EMD) and Variational Mode Decomposition (VMD) to extract these artifacts. In this research work, a novel two-phase variational mode decomposition (TPVMD) is used to analyze EEG signals to extract OAs. In existing empirical mode decomposition (EMD) and multi variational empirical mode decomposition (MEMD), balancing parameter and regression is not applied. In this proposed method, Variational Mode Decomposition (VMD) is used to eliminate the OAs in two phases and in each phase, regression is applied. In this paper the EEG signal data is collected from semi-simulated Mendeley database. Blink artifacts are eliminated from corrupted EEG signal and the signal to artefact ration (SAR) for different balancing factor alpha(α). The simulation results show that the proposed method gives improved SNR and reduced difference in power spectral density (DPSD). © 2024 IEEE.","2024","2026-05-28 02:20:57","2026-05-28 02:20:57","","837-841","","","","","","","","","","","","","","","","Scopus","","","","","","D:\zoterodb\SheshagiriBabu2024.pdf","","Biomedical signal processing; Electroencephalogram signals; Mode decomposition; Ocular artifacts; Power spectral; Variational mode decomposition; Variational techniques; Wavelet decomposition; Empirical mode decomposition; Electroencephalogram; Electroencephalogram (EEG); Ocular artifact; Signal to noise ratio; Difference in power spectral density; Difference In Power Spectral Density (DPSD); Image segmentation; Ocular Artifacts (OA); Power spectral density; Regression; Signal to artifact ratio; Signal to artifact Ratio (SAR); Variational Mode Decomposition (VMD)","","","","","","","","","","","","","","","","","","","","","","","","","","","","","","","","Proceedings - 2024 4th International Conference on Pervasive Computing and Social Networking, ICPCSN 2024","","","","","","","","","","","","","","",""
"KMCPFLTU","journalArticle","2026","Akshath Raj, V.; Nayak, S.G.; Thalengala, A.; Mendez, T.","Physiological artifacts removal in EEG signals: a comprehensive overview of conventional to deep learning methods to support brain health monitoring","Cogent Engineering","","","10.1080/23311916.2026.2664254","https://www.scopus.com/pages/publications/105037618067?origin=resultslist","Electroencephalography (EEG) is a crucial technique for interpreting neurocognitive functions and the underlying neural information. Despite its advantages, such as high portability, cost-effectiveness and exceptional temporal resolution, EEG is susceptible to contamination by various artifacts arising from nonneural sources, including ocular movements, cardiac activities, muscle contractions and environmental factors. These artifacts significantly hinder the accurate interpretation of neural activity and can lead to the misinterpretation of brain information. Therefore, effective artifact removal is vital for enhancing the EEG signal quality. Although numerous techniques have been developed to address this issue, no single method has been considered optimal for all applications. This comprehensive review traces the evolution of artifact removal methods from conventional to deep learning techniques, providing valuable insights for researchers. The study also highlights the challenges associated with artifact elimination. In addition, this work proposes a conceptual hybrid framework integrating convolutional neural networks (CNNs) and recurrent neural networks (RNNs) as a potential future direction for EEG artifact removal. Furthermore, this review discusses open-source datasets and performance metrics commonly employed to evaluate the efficacy of artifact removal techniques. This study can serve as a foundation for future research and the development of EEG signal processing. © 2026 The Author(s). Published by Informa UK Limited, trading as Taylor & Francis Group.","2026","2026-05-28 02:20:57","2026-05-29 14:54:26","","","","1","13","","","","","","","","","","","","","Scopus","","","","","","D:\zoterodb\Akshath2026.pdf","","electroencephalogram; Artifact removal; biomedical preprocessing; clinical monitoring; conventional methods; deep learning methods; neural health","","","","","","","","","","","","","","","","","","","","","","","","","","","","","","","","","","","","","","","","","","","","","","",""
"IXIERCCF","journalArticle","2024","Silpa, B.; Hota, M.K.","Swarm Intelligence-Based Improved Adaptive Chirp Mode Decomposition Algorithm for Suppression of Ocular Artifacts from EEG Signal","IEEE Sensors Journal","","","10.1109/JSEN.2024.3356579","https://www.scopus.com/pages/publications/85183992375?origin=resultslist","Electroencephalogram (EEG) signals are mostly contaminated with ocular artifacts (OAs) due to eye movements and eye blinks. These artifacts make the EEG recordings difficult to analyze and diagnose neurological diseases. Therefore, in this work, we propose a hybrid framework that consists of two stages to remove OAs from the EEG signals. A correlation-based variational mode decomposition (VMD) method in the first stage removes baseline wander (BW) noise. Then, an improved adaptive chirp mode decomposition (IACMD) with continuous wavelet transform (CWT) and k-means clustering algorithm in the second stage detects and removes OAs. The IACMD, in the second stage, is implemented by optimizing ACMD parameters using an improved grey wolf optimization (IGWO) algorithm with a correlation waveform index (Cwi) as a fitness function. The IACMD extracts the modes, and the noisy mode is identified based on the energy value. However, the direct subtraction of the identified noisy mode may eliminate some information from the EEG signal. Hence, in this work, CWT and k-means clustering algorithms are used to estimate the OA-affected interval by separating EEG elements from the noisy mode. Finally, the denoised EEG signal is determined by subtracting the estimated OA signal without impacting the non-artifactual regions. The analysis is carried out on the MIT-BIH polysomnographic and EEG during mental arithmetic tasks (EEGMAT) databases. Compared to the existing techniques, the proposed method shows superior performance in terms of efficiency and preservation of EEG data. Further, the subject-wise and length-wise analysis reveals the robustness of the proposed framework.  © 2001-2012 IEEE.","2024","2026-05-28 02:20:57","2026-05-28 02:20:57","","8314-8325","","6","24","","","","","","","","","","","","","Scopus","","","","","","D:\zoterodb\BommalaSilpa2024.pdf","","Biomedical signal processing; Electroencephalogram signals; Continuous wavelet transform; Electroencephalography; Mode decomposition; Ocular artifacts; Wavelet decomposition; Electroencephalogram; electroencephalogram (EEG); ocular artifacts (OAs); Ocular artifact; Adaptive chirp mode decomposition; Adaptive chirp mode decomposition (ACMD); continuous wavelet transform (CWT); Decomposition algorithm; Eye movements; K-means clustering; k-means clustering algorithm; K-means clustering algorithms","","","","","","","","","","","","","","","","","","","","","","","","","","","","","","","","","","","","","","","","","","","","","","",""
"KGQFP2S7","journalArticle","2021","Çınar, S.","Design of an automatic hybrid system for removal of eye-blink artifacts from EEG recordings","Biomedical Signal Processing and Control","","","10.1016/j.bspc.2021.102543","https://www.scopus.com/pages/publications/85102858157?origin=resultslist","Electroencephalography (EEG) signals are frequently used in several areas, such as diagnosis of diseases and BCI applications. It is important to remove noise sources for applications using EEG. This paper introduces a hybrid system to automatically remove eye-blink artifacts from the EEG by combining several methods, such as Independent Component Analysis (ICA), Kurtosis, K-means, Modified Z-Score (MZS) and Adaptive Noise Canceller (ANC). In the proposed method, all EEG recordings are first decomposed, and then the components related to the eye-blink artifacts are detected using Kurtosis and K-means. The MZS is used to detect regions of only eye-blink artifacts in the independent component. The classical Least Mean Squares (LMS) and Normalized LMS (NLMS) algorithms are used in the proposed ANC system. To comprehensively test the performance of the proposed method, simulated and real-world EEG datasets are used. The proposed system is compared with ANC systems having different reference inputs, Zeroing-ICA, and OD-ICA. In the simulated EEG dataset, the obtained overall RE, CC, SAR, SNR, Sensitivity, Specificity, and Area Under Curve (AUC) values are 0.1505, 0.9875, 1.3863, 2.7708, 100%, 93.8%, and 0.9380, respectively. In the real-world dataset, the obtained overall RE, CC, SAR, and SNR values are 0.0252, 0.9916, 2.8439, and 5.6944, respectively. The results suggest that the proposed method exhibits better performance concerning the given criteria. The proposed system does not require an external electrode for measuring eye-blink artifacts. This distinct advantage provided ensures a comfortable measurement for patients during long-term EEG recordings. © 2021 Elsevier Ltd","2021","2026-05-28 02:20:57","2026-05-28 02:20:57","","","","","67","","","","","","","","","","","","","Scopus","","","","","","D:\zoterodb\SalimCinar2021.pdf","","Biomedical signal processing; electroencephalogram; Electroencephalography; Higher order statistics; algorithm; Article; human; signal noise ratio; Electroencephalogram; controlled study; k means clustering; Brain computer interface; Electrophysiology; Electroencephalogram (EEG); area under the curve; independent component analysis; Signal to noise ratio; Independent component analysis; adaptive noise canceller; Adaptive noise canceller; comparative study; Diagnoses of disease; Eye-blink artifact; Eye-blink artifacts; eyelid reflex; Eyes-blink artifacts; Hybrid systems; Independent components analysis; K-means; long term care; Modified Z-score; outlier detection; Performance; physical parameters; priority journal; receiver operating characteristic; Z-scores","","","","","","","","","","","","","","","","","","","","","","","","","","","","","","","","","","","","","","","","","","","","","","",""
"BALEWYJC","journalArticle","2022","Juyal, R.; Muthusamy, H.; Kumar, N.","SNOAR: a new regression approach for the removal of ocular artifact from multi-channel electroencephalogram signals","Medical and Biological Engineering and Computing","","","10.1007/s11517-022-02692-z","https://www.scopus.com/pages/publications/85140052415?origin=resultslist","Electroencephalogram (EEG) signals are often corrupted by undesirable sources like electrooculogram (EOG) artifacts, which have a substantial impact on the performance of EEG-based systems. This study proposes a new singular spectrum analysis (SSA)–non-negative matrix factorization (NMF)-based ocular artifact removal (SNOAR) method to suppress ocular artifacts from multi-channel EEG signals. First, SSA was used to estimate EOG artifacts using a small subset of frontal electrodes. Then, NMF was applied to decompose the estimated EOG artifacts into vertical EOG (VEOG) and horizontal EOG (HEOG) signals. Finally, a simple linear regression with estimated VEOG and HEOG signals was used to remove artifacts from multi-channel EEG signals. EEG recordings from two EEG datasets (Klados dataset and KARA ONE) were used to evaluate the efficiency of the proposed method. From the simulation results, it was observed that the proposed method achieved betters results in terms of low root-mean-square error (RMSE), low delta band energy ratio, and less power spectral density (PSD) difference between the original clean EEG signal and its filtered version of contaminated EEG signal compared to selected EOG artifact removal methods (independent component analysis (ICA), wavelet-enhanced ICA (wICA), improved wICA, and multivariate empirical mode decomposition (MEMD)). Graphical abstract: [Figure not available: see fulltext.] © 2022, International Federation for Medical and Biological Engineering.","2022","2026-05-28 02:20:57","2026-05-28 02:20:57","","3567-3583","","12","60","","","","","","","","","","","","","Scopus","","","","","","D:\zoterodb\RuchiJuyal2022.pdf","","Biomedical signal processing; electroencephalogram; Electroencephalogram signals; Electroencephalography; Ocular artifacts; Spectral density; Wavelet decomposition; Article; artifact; Electro-oculogram; electrooculogram; human; signal noise ratio; Electroencephalogram; controlled study; female; male; principal component analysis; Electroencephalogram (EEG); simulation; wavelet transform; empirical mode decomposition; independent component analysis; Mean square error; Independent component analysis; Electrooculogram  signal; Electrooculogram (EOG) signals; filtration; linear regression analysis; Matrix algebra; Multi channel; non-negative matrix factorization; Non-negative matrix factorization; Non-negative matrix factorization (NMF); Nonnegative matrix factorization; root mean squared error; Singular spectrum analyse; Singular spectrum analysis; Singular spectrum analysis (SSA); spectroscopy","","","","","","","","","","","","","","","","","","","","","","","","","","","","","","","","","","","","","","","","","","","","","","",""
"IZGZPLHE","journalArticle","2024","Chintala, S.; Bhumi Reddy, M.; Gude, S.; Reddy Edla, D.; Ravi, B.","Least Mean Square/Fourth Adaptive algorithm for excision of ocular artifacts from EEG signals","Applied Acoustics","","","10.1016/j.apacoust.2024.110009","https://www.scopus.com/pages/publications/85189938410?origin=resultslist","Electroencephalogram (EEG) activities in the frontal area are profoundly influenced by non-cerebral activities such as electrooculogram (EOG) signals. In this work, we suggest the Least Mean Square-Fourth (LMS/F) adaptive method as a noise canceler to get rid of eye artifacts from raw EEG data. In this case, we make separate recordings of the reference signals such as the horizontal EOG and the vertical EOG. The signals that were captured are then processed using a FIR filter, the coefficients of which are adaptively updated using an LMS/F algorithm. In order to generate artifact free EEG signals, these signals are first removed from the original EEG data. When compared to traditional approaches such as Least Mean Fourth and combined step size normalized least Mean Square adaptive algorithm, the results of the newly suggested algorithm are superior in a variety of respects for both the synthetic data and the experimental data. © 2024 Elsevier Ltd","2024","2026-05-28 02:20:56","2026-05-28 02:20:56","","","","","221","","","","","","","","","","","","","Scopus","","","","","","D:\zoterodb\SridharChintala2024.pdf","","Biomedical signal processing; Electroencephalogram signals; Electroencephalography; Ocular artifacts; Electro-oculogram; Electroencephalogram; Mean square error; Adaptive algorithms; Electrooculogram; FIR filters; Frontal areas; Least mean fourth; Least mean square/fourth; Least Mean Square/Fourth; Least mean squares; Least squares approximations; Relative root mean square error; Root mean square errors","","","","","","","","","","","","","","","","","","","","","","","","","","","","","","","","","","","","","","","","","","","","","","",""
"9K6T2CN6","journalArticle","2022","Miao, M.; Hu, W.; Xu, B.; Zhang, J.; Rodrigues, J.J.P.C.; De Albuquerque, V.H.C.","Automated CCA-MWF Algorithm for Unsupervised Identification and Removal of EOG Artifacts From EEG","IEEE Journal of Biomedical and Health Informatics","","","10.1109/JBHI.2021.3131186","https://www.scopus.com/pages/publications/85120582907?origin=resultslist","Affective brain computer interface (ABCI) enables machines to perceive, understand, express and respond to people's emotions. Therefore, it is expected to play an important role in emotional care and mental disorder detection. EEG signals are most frequently adopted as the physiology measurement in ABCI applications. Eye blinking and movements introduce lots of artifacts into raw EEG data, which seriously affect the quality of EEG signal and the subsequent emotional EEG feature engineering and recognition. In this paper, we propose a fully automatic and unsupervised ocular artifact identification and removal algorithm named automated canonical correlation analysis (CCA)-multi-channel wiener filter (MWF) (ACCAMWF). Firstly, spatial distribution entropy (SDE) and spectral entropy (SE) are computed to automatically annotate artifact segments. Then, CCA algorithm is used to extract neural signal from artifact contaminated data to further supplement the clean EEG data. Finally, MWF is trained to remove ocular artifacts from multiple channel EEG data adaptively. Extensive experiments have been carried out on semi-simulated EEG/EOG dataset and real eye blinking-contaminated EEG dataset to verify the effectiveness of our method when compared to two state-of-the-art algorithms. The results clearly demonstrate that ACCAMWF is a promising solution for removing EOG artifacts from emotional EEG data.  © 2013 IEEE.","2022","2026-05-28 02:20:56","2026-05-28 02:20:56","","3607-3617","","8","26","","","","","","","","","","","","","Scopus","","","","","","D:\zoterodb\MinminMiao2022.pdf","","Biomedical signal processing; electroencephalogram; Mental disorders; Electroencephalography; Ocular artifacts; algorithm; Algorithms; Article; artifact; Artifacts; blinking; EEG signals; electroencephalography; electrooculography; Electrooculography; eye movement; human; Humans; procedures; signal noise ratio; signal processing; Signal Processing, Computer-Assisted; female; normal human; Brain computer interface; Electrophysiology; imagery; male; simulation; correlation analysis; brain computer interface; Brain-Computer Interfaces; Interfaces (computer); Behavioral research; Eye movements; acceleration; Affective brain computer interface (ABCI); body movement; canonical correlation analysis (CCA); Canonical correlations analysis; comparative effectiveness; Correlation; electroencephalography (EEG); emotion; Emotion recognition; emotionality; entropy; Entropy; eye tracking; Eye-blinking; histogram; Identification and removal; mathematical model; mental disease; multi channel wiener filter; multi-channel wiener filter (MWF); Multichannel Wiener filter; ocular artifact; reading; visual field; Wiener filter algorithms","","","","","","","","","","","","","","","","","","","","","","","","","","","","","","","","","","","","","","","","","","","","","","",""
"KF3772TR","journalArticle","2024","Noorbasha, S.K.; Mallikarjuna, K.","EOG Artifacts Suppression From single channel EEG Signals by VME-GMETV model","Biomedical Signal Processing and Control","","","10.1016/j.bspc.2023.105622","https://www.scopus.com/pages/publications/85174511861?origin=resultslist","Nowadays the usage of portable electroencephalography (EEG) recorded systems are raised for recording of neuro activities of the brain, which are useful in clinical diagnosis such as brain–computer interface (BCI) applications. The eye movements or blinks are unavoidable activities, which reflects the electrooculogram (EOG) artifacts in the recorded EEG signals, which leads deceptive interpretation of the underlying brain state. In this paper a novel framework is proposed as Variational Mode Extraction (VME) method is integrated with Generalized Moreau Envelope Total Variation (GMETV) technique to filter the EOG artifacts. Initially, the contaminated EEG is applied to the VME method which extracts the EOG artifact segment. Then, this EOG artifact segment is given to the GMETV technique and it separates the wanted component of the EEG residue from the EOG artifact segment. The EEG residue is added back to the non EOG artifact segment signal which gives the final denoised EEG. Matlab simulations are done on both simulated and real time EEG databases to evolute the proposed VME-GMETV technique performance in terms of Relative Root Mean Square Error (RRMSE), Correlation Coefficient (CC) and Mean Absolute Error (MAE). From the experimental results, the proposed technique is outperformed the existing methods by averaged low RRMSE (0.1557), MAE (5.0714e−04) and averaged high CC (0.9695). © 2023 Elsevier Ltd","2024","2026-05-28 02:20:56","2026-05-28 02:20:56","","","","","88","","","","","","","","","","","","","Scopus","","","","","","D:\zoterodb\SayeduKhasi2024.pdf","","Biomedical signal processing; electroencephalogram; Brain; Electroencephalography; Article; artifact; Electro-oculogram; electroencephalography; electrooculogram; eye movement; Mode extraction; signal processing; Electroencephalogram; controlled study; EOG; Brain computer interface; Electrophysiology; Mean square error; correlation coefficient; Eye movements; spectroscopy; Variational mode extraction; Root mean square errors; Artifact suppression; Correlation coefficient; Extraction method; Generalized moreau envelope total variation filter; GMETV filter; MATLAB; Mean absolute error; performance indicator; Total-variation; VME","","","","","","","","","","","","","","","","","","","","","","","","","","","","","","","","","","","","","","","","","","","","","","",""
"FFL6KILY","journalArticle","2026","Noorbasha, S.K.; Gudivada, A.A.; P, R.; Y, M.K.; Aravindraj, E.","Skewness based discreate wavelet Transform and Swarm decomposition for the automatic elimination of ocular artifacts from EEG signals","Computer Methods in Biomechanics and Biomedical Engineering","","","10.1080/10255842.2026.2636254","https://www.scopus.com/pages/publications/105032141947?origin=resultslist","EEG signal reliability in biomedical applications may be affected by ocular artifacts resulting from blinks and eye movements. Existing methods often struggle to remove these artifacts effectively. In order to overcome this constraint, we suggest a new framework that integrating Skewness-based Discrete Wavelet Transform (SDWT) with the Swarm Decomposition (SwD) algorithm. The SDWT separates EEG signals into artifact and non-artifact segments. The artifact segment undergoes SwD processing, which decomposes it into hidden components. The EOG (electrooculographic) component is then analyzed using energy and skewness metrics. The level corresponding to the artifact identified by its highest energy and skewness is discarded, and the remaining elements are recombined with the non-artifact segment. To automate EOG identification, the K-means clustering algorithm is employed. We evaluate the filtering performance of the proposed method using metric: Mean absolute error in the power spectrum (MAE-PS), in power spectrum analysis across the delta((Formula presented.)), theta ((Formula presented.)), alpha ((Formula presented.)), and beta ((Formula presented.)) frequency bands. Testing was conducted on two semi-simulated and one real-time datasets: Publicly available EEG signals contaminated by eye-movement and eye-blink artifact. Wearable EEG recordings from epileptic and healthy persons performing physical activities (climbing stairs, sitting, running, and walking). Results demonstrate that our method outperforms existing techniques, achieving: Lower MAE-PS in power spectrum analysis across (Formula presented.) (Formula presented.) and (Formula presented.) bands, indicating better signal preservation. This approach shows promise for enhancing EEG reliability in both clinical and mobile settings. © 2026 Informa UK Limited, trading as Taylor & Francis Group.","2026","2026-05-28 02:20:56","2026-05-28 02:20:56","","","","","","","","","","","","","","","","","","Scopus","","","","","","D:\zoterodb\SayeduKhasim.pdf","","Biomedical signal processing; Clustering algorithms; EEG; Electroencephalography; Higher order statistics; Ocular artifacts; EEG signals; Energy; EOG; Discrete-wavelet-transform; Statistical tests; Eye movements; Spectrum analysis; Mean absolute error; Electrooculographic; Medical applications; Power spectrum; Power Spectrum analysis; Power-spectra; SDWT; Skewness-based discrete wavelet transform; Swarm decomposition; SwD","","","","","","","","","","","","","","","","","","","","","","","","","","","","","","","","","","","","","","","","","","","","","","",""
"TA8ZVCMG","journalArticle","2022","Mathe, M.; Mididoddi, P.; Krishna, B.T.","Artifact Removal Methods in EEG Recordings: A Review","Proceedings of Engineering and Technology Innovation","","","10.46604/peti.2021.7653","https://www.scopus.com/pages/publications/85141885717?origin=resultslist","To obtain the correct analysis of electroencephalogram (EEG) signals, non-physiological and physiological artifacts should be removed from EEG signals. This study aims to give an overview on the existing methodology for removing physiological artifacts, e.g., ocular, cardiac, and muscle artifacts. The datasets, simulation platforms, and performance measures of artifact removal methods in previous related research are summarized. The advantages and disadvantages of each technique are discussed, including regression method, filtering method, blind source separation (BSS), wavelet transform (WT), empirical mode decomposition (EMD), singular spectrum analysis (SSA), and independent vector analysis (IVA). Also, the applications of hybrid approaches are presented, including discrete wavelet transform - adaptive filtering method (DWT-AFM), DWT-BSS, EMD-BSS, singular spectrum analysis - adaptive noise canceler (SSA-ANC), SSA-BSS, and EMD-IVA. Finally, a comparative analysis for these existing methods is provided based on their performance and merits. The result shows that hybrid methods can remove the artifacts more effectively than individual methods. © by the authors. Licensee TAETI, Taiwan.","2022","2026-05-28 02:20:56","2026-05-28 02:20:56","","35-56","","","20","","","","","","","","","","","","","Scopus","","","","","","C:\Users\balan\Zotero\storage\MNZU6CMY\Mathe et al. - 2022 - Artifact Removal Methods in EEG Recordings A Review.pdf","","EEG signal; canonical correlation analysis (CCA); EMD-IVA; SSA-BSS","","","","","","","","","","","","","","","","","","","","","","","","","","","","","","","","","","","","","","","","","","","","","","",""
"7869J2S6","journalArticle","2023","Li, Y.; Liu, A.; Yin, J.; Li, C.; Chen, X.","A Segmentation-Denoising Network for Artifact Removal from Single-Channel EEG","IEEE Sensors Journal","","1558-1748","10.1109/JSEN.2023.3276481","https://www.scopus.com/pages/publications/85161072346?origin=resultslist","As an important neurorecording technique, electroencephalography (EEG) is often contaminated by various artifacts, which obstructs subsequent analysis. In recent years, deep learning-based (DL-based) methods have been proven to be promising for artifact removal. However, most denoising methods focus on recovering clean EEG from raw signals contaminated by the noise over the entire recording period, ignoring that the practical EEG recordings may contain clean segments in addition to noise segments. Therefore, the general model may cause distortion when dealing with clean segments. In this article, we propose a simple, yet effective segmentation-denoising network (SDNet) for artifact removal. The proposed method is capable of differentiating noisy EEG segments from clean ones via semantic segmentation, avoiding the distortion caused by processing clean segments. We conduct a performance comparison on semisimulated and real EEG data. The experimental results demonstrate that SDNet outperforms the state-of-art approaches. This work provides a novel way to reconstruct artifact-attenuated EEG signals, and may further benefit the EEG-based diagnosis and treatment.  © 2001-2012 IEEE.","2023","2026-05-28 02:20:56","2026-06-03 07:46:48","2026-05-31 05:53:18","15115-15127","","13","23","","","","","","","","","","","","","Scopus","","IEEE Xplore","","","","C:\Users\balan\Zotero\storage\78MK8YM7\Li et al. - 2023 - A Segmentation-Denoising Network for Artifact Removal From Single-Channel EEG.pdf; D:\zoterodb\Li et al. - 2023 - A Segmentation-Denoising Network for Artifact Removal From Single-Channel EEG.pdf","","De-noising; Electroencephalography; Artifact removal; Single channels; Deep learning; Electrophysiology; Recording; Semantics; electroencephalography (EEG); deep learning (DL) denoising; Deep learning denoising; Image reconstruction; Images reconstruction; Learning-based methods; Noise abatement; semantic segmentation; Semantic segmentation; Semantic Segmentation","Convolution; Noise reduction; Sensors","","","","","","","","","","","","","","","","","","","","","","","","","","","","","","","","","","","","","","","","","","","","","",""
"AHRMQ4DK","journalArticle","2026","Shaikh, U.Q.; Kalra, A.M.; Lowe, A.; Niazi, I.K.","Oracle Upper Bounds on Clean-EEG Recoverability from Single-Channel Decompositions Under EOG/EMG Contamination","Sensors","","","10.3390/s26092581","https://www.scopus.com/pages/publications/105038760971?origin=resultslist","Objective: Single-channel EEG artifact suppression often relies on signal decomposition; however, it is not always clear how much clean EEG is recoverable from a given decomposition when component weighting is ideal. We present an oracle-based benchmark that characterises this best-case recoverability across common 1-D decomposition families under controlled EOG, EMG, and mixed contamination. This work does not propose a new denoising algorithm; rather, it isolates representation capacity from component-selection heuristics by computing an upper bound on reconstruction quality. Approach: Using EEGdenoiseNet, we constructed a synthetic benchmark of 4500 single-channel 2 s segments (125 Hz; T = 250) by mixing clean EEG with ocular (EOG) and/or cranial EMG exemplars at noise-to-signal ratios (NSRs) spanning −10 to +10 dB (floor −10 dB denotes an absent modality). We evaluated variational mode decomposition (VMD), singular spectrum analysis (SSA), discrete wavelet transform (DWT), and CEEMDAN by decomposing each mixture and reconstructing the clean EEG using a bounded nonnegative linear combination of components obtained via constrained least squares (the oracle). Main results: Under this oracle benchmark, SSA achieved the lowest reconstruction error in most tested conditions, while DWT tended to rank best in milder ocular regimes; VMD performance improved, with an increased mode count at higher computational cost. CEEMDAN exhibited higher latency dominated by ensemble settings. Significance: These results should be interpreted as decomposition-level upper bounds under controlled mixtures, not field-ready denoising performance. The benchmark provides a tool with which to compare representational recoverability across decompositions and to inform the subsequent design of practical component-selection strategies. © 2026 by the authors.","2026","2026-05-28 02:20:56","2026-05-28 02:20:56","","","","9","26","","","","","","","","","","","","","Scopus","","","","","","D:\zoterodb\UsmanQamar2026.pdf","","Electroencephalography; Mode decomposition; Ocular artifacts; Variational mode decomposition; Wavelet decomposition; algorithm; Algorithms; artifact; Artifacts; electroencephalography; electrooculography; Electrooculography; human; Humans; procedures; signal noise ratio; signal processing; Signal Processing, Computer-Assisted; electromyography; Electrophysiology; Discrete wavelet transforms; Discrete-wavelet-transform; Signal reconstruction; Wavelets transform; Signal to noise ratio; Electromyography; Signal-To-Noise Ratio; Signal decomposition; Singular spectrum analysis; Spectrum analysis; electroencephalography (EEG); Artifact suppression; artifact suppression; Benchmarking; CEEMDAN; Decomposition; Muscle artifact (EMG); muscle artifacts (EMG); Ocular artifact (EOG); ocular artifacts (EOG); signal decomposition; singular spectrum analysis (SSA); Singular spectrum analyze; variational mode decomposition (VMD); wavelet analysis; Wavelet Analysis; Wavelet transform (discrete wavelet transform); wavelet transform (DWT)","","","","","","","","","","","","","","","","","","","","","","","","","","","","","","","","","","","","","","","","","","","","","","",""
"X8GDLNNW","journalArticle","2024","Silpa, B.; Hota, M.K.","OVME-REG: Harris hawks optimization algorithm based optimized variational mode extraction for eye blink artifact removal from EEG signal","Medical and Biological Engineering and Computing","","","10.1007/s11517-023-02976-y","https://www.scopus.com/pages/publications/85180234977?origin=resultslist","The electroencephalogram (EEG) recordings from the human brain are useful for detecting various brain syndromes. These recordings are typically contaminated by high amplitude eye blink artifacts, which leads to deliberate misinterpretation of the EEG signal. Recently, variational mode extraction (VME) has been used to detect eye blink artifacts. But, the VME performance is impacted by the balancing parameter and center frequency selection. Therefore, this research uses two metaheuristic algorithms, particle swarm optimization and Harris hawks optimization, to determine the optimal set of the VME parameters. In the proposed method, the optimized VME (OVME) extracts the desired mode to locate the eye blink artifactual intervals. Then, the regression analysis (REG) filters the identified artifactual intervals from short EEG data segments. The significance of the proposed OVME-REG algorithm is that it is adequate for determining the optimum values of the VME algorithm. The analysis is carried out on the CHB-MIT Scalp EEG, BCI Competition, and EEG motor movement/imagery datasets. The proposed OVME-REG method provides an improved performance for suppressing single and repeated eye blink artifacts as compared to the current approaches in terms of (a) high correlation coefficient (93.08%, 87.3%, 82.17%), respectively, (b) low value of RRMSE (0.379, 0.506, 0.502), respectively, (c) high SSIM (0.892, 0.842, 0.694), and (d) low computation time and better preservation of the EEG data. Graphical Abstract: (Figure presented.). © International Federation for Medical and Biological Engineering 2023.","2024","2026-05-28 02:20:56","2026-05-28 02:20:56","","955-972","","3","62","","","","","","","","","","","","","Scopus","","","","","","D:\zoterodb\BommalaSilpa2023.pdf","","electroencephalogram; Electroencephalogram signals; Electroencephalography; Article; Mode extraction; Extraction; imagery; regression analysis; Regression analysis; correlation coefficient; particle swarm optimization; Eye movements; Eye-blink artifacts; Eyes-blink artifacts; Optimisations; Variational mode extraction; Particle swarm; Particle swarm optimization; Particle swarm optimization (PSO); Swarm optimization; Eye blink artifact; Harris hawk optimization; Harris hawks optimization; Harris hawks optimization (HHO); metaheuristics; process optimization; Variational mode extraction (VME)","","","","","","","","","","","","","","","","","","","","","","","","","","","","","","","","","","","","","","","","","","","","","","",""
"JLHE7JIF","journalArticle","2022","Zhang, C.; Sabor, N.; Luo, J.; Pu, Y.; Wang, G.; Lian, Y.","Automatic Removal of Multiple Artifacts for Single-Channel Electroencephalography","Journal of Shanghai Jiaotong University (Science)","","","10.1007/s12204-021-2374-5","https://www.scopus.com/pages/publications/85117254263?origin=resultslist","Removing different types of artifacts from the electroencephalography (EEG) recordings is a critical step in performing EEG signal analysis and diagnosis. Most of the existing algorithms aim for removing single type of artifacts, leading to a complex system if an EEG recording contains different types of artifacts. With the advancement in wearable technologies, it is necessary to develop an energy-efficient algorithm to deal with different types of artifacts for single-channel wearable EEG devices. In this paper, an automatic EEG artifact removal algorithm is proposed that effectively reduces three types of artifacts, i.e., ocular artifact (OA), transmission-line/harmonic-wave artifact (TA/HA), and muscle artifact (MA), from a single-channel EEG recording. The effectiveness of the proposed algorithm is verified on both simulated noisy EEG signals and real EEG from CHB-MIT dataset. The experimental results show that the proposed algorithm effectively suppresses OA, MA and TA/HA from a single-channel EEG recording as well as physical movement artifact. © 2021, Shanghai Jiao Tong University and Springer-Verlag GmbH Germany, part of Springer Nature.","2022","2026-05-28 02:20:56","2026-05-28 02:20:56","","437-451","","4","27","","","","","","","","","","","","","Scopus","","","","","","D:\zoterodb\zhangChenBei2022.pdf","","Electroencephalography; Artifact removal; Electrophysiology; Muscle; Electroencephalography artifact removal; A; Artifact detection; Blink artifacts; EEG artifacts detection; EEG artifacts removal; Electric lines; Electroencephalography artifact detection; Energy efficiency; Harmonic wave; Line harmonics; Muscle artifact; muscle artifact (MA); ocular artifact (OA); Ocular blink artifact; TP 391; Transmission-line; Transmission-line/harmonic wave artifact; transmission-line/harmonic-wave artifact (TA/HA); Transmissions; wearable electroencephalography (EEG) devices; Wearable electroencephalography device; Wearable technology","","","","","","","","","","","","","","","","","","","","","","","","","","","","","","","","","","","","","","","","","","","","","","",""
"PRUFACXQ","journalArticle","2021","Shahbakhti, M.; Beiramvand, M.; Nazari, M.; Broniec-Wojcik, A.; Augustyniak, P.; Rodrigues, A.S.; Wierzchon, M.; Marozas, V.","VME-DWT: An Efficient Algorithm for Detection and Elimination of Eye Blink from Short Segments of Single EEG Channel","IEEE Transactions on Neural Systems and Rehabilitation Engineering","","","10.1109/TNSRE.2021.3054733","https://www.scopus.com/pages/publications/85100497962?origin=resultslist","Objective: Recent advances in development of low-cost single-channel electroencephalography (EEG) headbands have opened new possibilities for applications in health monitoring and brain-computer interface (BCI) systems. These recorded EEG signals, however, are often contaminated by eye blink artifacts that can yield the fallacious interpretation of the brain activity. This paper proposes an efficient algorithm, VME-DWT, to remove eye blinks in a short segment of the single EEG channel. Method: The proposed algorithm: (a) locates eye blink intervals using Variational Mode Extraction (VME) and (b) filters only contaminated EEG interval using an automatic Discrete Wavelet Transform (DWT) algorithm. The performance of VME-DWT is compared with an automatic Variational Mode Decomposition (AVMD) and a DWT-based algorithms, proposed for suppressing eye blinks in a short segment of the single EEG channel. Results: The VME-DWT detects and filters 95% of the eye blinks from the contaminated EEG signals with SNR ranging from-8 to +3 dB. The VME-DWT shows superiority to the AVMD and DWT with the higher mean value of correlation coefficient (0.92 vs. 0.83, 0.58) and lower mean value of RRMSE (0.42 vs. 0.59, 0.87). Significance: The VME-DWT can be a suitable algorithm for removal of eye blinks in low-cost single-channel EEG systems as it is: (a) computationally-efficient, the contaminated EEG signal is filtered in millisecond time resolution, (b) automatic, no human intervention is required, (c) low-invasive, EEG intervals without contamination remained unaltered, and (d) low-complexity, without need to the artifact reference.  © 2001-2011 IEEE.","2021","2026-05-28 02:20:55","2026-05-28 02:20:55","","408-417","","","29","","","","","","","","","","","","","Scopus","","","","","","D:\zoterodb\MohammadShahbakhti2021.pdf","","Biomedical signal processing; electroencephalogram; Brain; EEG; Electroencephalography; Mode decomposition; algorithm; Algorithms; Article; artifact; Artifacts; blinking; Blinking; electroencephalography; eye movement; Fourier transform; human; Humans; signal noise ratio; signal processing; Signal Processing, Computer-Assisted; Brain computer interface; Electrophysiology; imagery; support vector machine; Discrete wavelet transforms; Signal reconstruction; Signal to noise ratio; correlation coefficient; discrete wavelet transform; Single channel eeg; Eye-blink artifacts; eyelid reflex; entropy; mathematical model; visual field; Correlation coefficient; VME; wavelet analysis; Wavelet Analysis; automatic variational mode decomposition; brain depth stimulation; calibration; Computationally efficient; Contamination; Costs; denoising; Discrete wavelet transform algorithms; DWT; evoked brain stem auditory response; eye blink; Health monitoring; heart rate variability; Human intervention; latent period; local field potential; lormetazepam; potassium channel; variational mode extraction","","","","","","","","","","","","","","","","","","","","","","","","","","","","","","","","","","","","","","","","","","","","","","",""
"FK39GBIU","conferencePaper","2021","Li, Q.; Wei, L.; Xu, Y.; Yang, B.","Ocular Artifact Removal Algorithm of Single Channel EEG Based on CEEMDAN-ICA-WTD","","","","10.1109/ICSIP52628.2021.9688993","https://www.scopus.com/pages/publications/85125183769?origin=resultslist","Electroencephalogram (EEG) is one of the key technologies in the research of brain-computer interface (BCI). Removing ocular artifact (OA) from EEG signals is the premise of accurate and effective analysis of EEG signals. In the absence of reference electrooculogram (EOG) signals, the existing ocular artifact removal techniques will lead to distortion of the raw EEG signal during the process of removing OA. In this paper, an OA removal method based on Complete Ensemble Empirical Mode Decomposition with Adaptive Noise (CEEMDAN) and Independent Component Analysis (ICA) is proposed, which is further combined with Wavelet Threshold Denoising (WTD). Different from other algorithms which directly zero the identified OA component, the identified EOG component is processed by wavelet threshold in this algorithm. The EOG component which contains EEG information is further separated to extract the pure EOG component. Results of these studies reveal that the CEEMDAN-ICA-WTD algorithm can remove OA signals while retaining the EEG signal to the maximum extent. Compared with the traditional single channel OA removal methods, the correlation coefficient between the raw EEG signal and the EEG signals which remove the OA can reach 97.9% for the proposed method. Furthermore, the root mean square error (RMSE) is also significantly reduced.  © 2021 IEEE.","2021","2026-05-28 02:20:55","2026-05-28 02:20:55","","451-455","","","","","","","","","","","","","","","","Scopus","","","","","","D:\zoterodb\QianLi2021.pdf","","Biomedical signal processing; Electroencephalogram signals; EEG; Electroencephalography; Ocular artifacts; Wavelet decomposition; Artifact removal; Electro-oculogram; Single channels; Brain computer interface; Mean square error; Signal analysis; Independent component analysis; Independent components analysis; CEEMDAN; Adaptive noise; Complete ensemble empirical mode decomposition with adaptive noise; Empirical Mode Decomposition; ICA; OA; Wavelet threshold de-noising; WTD","","","","","","","","","","","","","","","","","","","","","","","","","","","","","","","","2021 6th International Conference on Signal and Image Processing, ICSIP 2021","","","","","","","","","","","","","","",""
"83XPIVM3","conferencePaper","2025","Jain, T.; Sharma, I.; Sharma, M.M.","Eradication of Electro-ocular EEG Artifacts Using Dyadic Boundary specific Filter-Bank Hybrid Approach","","","","10.1109/INDISCON66021.2025.11253695","https://www.scopus.com/pages/publications/105030193155?origin=resultslist","The electrical pursuit of the brain is apprehending by Electroencephalogram (EEG) and detection of neurological disorders is possible through the interpretation and illustration of EEG signals. The interpretation of the EEG signals is crucial. These interpretations are sometimes affected by the artifacts and lead to the incorrect diagnosis. During the recordings of the EEG signals, the movement of the eye balls and eye blinks leads to the ocular artifacts. Hence, elimination of the artifacts plays a major role in the diagnosis and illustration of the EEG signals. In the proposed work Empirical wavelet transform (EWT-FB) filter bank employing points of dyadic boundary is utilized for the segmentation of the artifact affected EEG signal. For the denoising application Savitzky-Goley Driven Total Variation (SGD-TV) filter is employed. The filter signal is obtained by applying SGDTV filter to the first subband generated from the segmented signal. The performance of the proposed model is analyzed using power spectral density (PSD) and computational time (Toc). Our proposed EWTSGDTV filter based hybrid approach achieve computational time of 0.417 seconds and outshine the existing literature techniques originate for rejection of electro-ocular artifact.  © 2025 IEEE.","2025","2026-05-28 02:20:55","2026-05-28 02:20:55","","","","","","","","","","","","","","","","","","Scopus","","","","","","","","Biomedical signal processing; Electroencephalogram signals; Brain; Electroencephalography; Ocular artifacts; Spectral density; Electroencephalogram; Empirical wavelet transform; Wavelets transform; Eye movements; Total-variation; Artifact; artifacts; Filter banks; Filters bank; Image processing; Multi-resolution analysis; multiresolution analysis; Multiresolution analysis; Multiresolutions analysis; ocular artifacts; Savitzkygoley driven total variation filter; SavitzkyGoley Driven Total Variation Filter","","","","","","","","","","","","","","","","","","","","","","","","","","","","","","","","INDISCON 2025 - IEEE 6th India Council International Subsections Conference, Proceedings","","","","","","","","","","","","","","",""
"RAZZT6SJ","journalArticle","2025","Noorbasha, S.K.; Kumar, A.","VME-EFD : A novel framework to eliminate the Electrooculogram artifact from single-channel EEGs","Biomedical Physics and Engineering Express","","","10.1088/2057-1976/ad9bb6","https://www.scopus.com/pages/publications/85213597178?origin=resultslist","The diagnosis of neurological disorders often involves analyzing EEG data, which can be contaminated by artifacts from eye movements or blinking (EOG). To improve the accuracy of EEG-based analysis, we propose a novel framework, VME-EFD, which combines Variational Mode Extraction (VME) and Empirical Fourier Decomposition (EFD) for effective EOG artifact removal. In this approach, the EEG signal is first decomposed by VME into two segments: the desired EEG signal and the EOG artifact. The EOG component is further processed by EFD, where decomposition levels are analyzed based on energy and skewness. The level with the highest energy and skewness, corresponding to the artifact, is discarded, while the remaining levels are reintegrated with the desired EEG. Simulations on both synthetic and real EEG datasets demonstrate that VME-EFD outperforms existing methods, with lower RRMSE (0.1358 versus 0.1557, 0.1823, 0.2079, 0.2748), lower ΔPSD in the α band (0.10 ± 0.01 and 0.17 ± 0.04 versus 0.89 ± 0.91 and 0.22 ± 0.19, 1.32 ± 0.23 and 1.10 ± 0.07, 2.86 ± 1.30 and 1.19 ± 0.07, 3.96 ± 0.56 and 2.42 ± 2.48), and higher correlation coefficient (CC: 0.9732 versus 0.9695, 0.9514, 0.8994, 0.8730). The framework effectively removes EOG artifacts and preserves critical EEG features, particularly in the α band, making it highly suitable for brain-computer interface (BCI) applications. © 2024 IOP Publishing Ltd. All rights, including for text and data mining, AI training, and similar technologies, are reserved.","2025","2026-05-28 02:08:39","2026-05-28 11:23:09","","","","1","11","","","","","","","","","","","","","Scopus","","","","","","D:\zoterodb\SayeduKhasim2025a.pdf","","electroencephalogram; Brain; EEG; Electroencephalography; Variational mode decomposition; Variational techniques; algorithm; Algorithms; Article; artifact; Artifact removal; artifact removal and analysis; Artifact removal and analyze; Artifacts; bandwidth; blinking; Blinking; brain; Computational neuroscience; computer simulation; Computer Simulation; decomposition; diagnostic imaging; EEG signals; Electro-oculogram; Electrocardiography; electroencephalography; electrooculogram; electrooculography; Electrooculography; Empirical mode decomposition; Energy; eye movement; Eye Movements; Fourier analysis; Fourier Analysis; Fourier decomposition; Fourier transform; Hilbert transform; human; Humans; image artifact; Mode extraction; Neurological disorders; physiology; power spectrum; procedures; signal noise ratio; signal processing; signal Processing; Signal Processing, Computer-Assisted; Signal-processing; Single channels","","","","","","","","","","","","","","","","","","","","","","","","","","","","","","","","","","","","","","","","","","","","","","",""
"GJ2IN7DE","journalArticle","2025","Liu, X.; Chen, C.; Liu, X.","Adaptive EOG Artifact Removal Algorithm Using a Spectrum Magnitude Template Matching for Single-Channel EEG","IEEE Sensors Journal","","","10.1109/JSEN.2025.3578066","https://www.scopus.com/pages/publications/105008654627?origin=resultslist","Removing ocular artifacts (OAs) from electroencephalogram (EEG) signals is crucial for EEG analysis and brain–machine interface (BMI) applications. However, current portable EEG devices encounter significant challenges in artifact removal due to limited electrode configurations. In this article, we propose an adaptive EOG artifact removal algorithm that enhances artifact removal through the suppression of contaminated signals from the frequency domain. The algorithm involves constructing a set of alternative spectrum templates extracted from training datasets, which allows for adaptive selection of the most relevant template for new contaminated EEG data based on Euclidean distance. With the most relevant spectral templates, it facilitates precise artifact removal, while significantly improving signal integrity. We have validated our algorithm by comparing it with existing methods on both semi-simulated and real EEG signal datasets, achieving a notable signal-to-noise ratio (SNR) improvement of 7.14 dB and a correlation increase of 0.12. Furthermore, our computational complexity analysis demonstrates a low runtime of 0.34 ms, reinforcing the algorithm’s suitability for real-time artifact removal in practical BMI applications. [Figure presented] © 2025 IEEE. All rights reserved.","2025","2026-05-28 02:08:39","2026-05-28 11:23:09","","28677-28686","","15","25","","","","","","","","","","","","","Scopus","","","","","","D:\zoterodb\XiaohuiLiu2020.pdf","","Biomedical signal processing; Electroencephalography; Ocular artifacts; Artifact removal; Brain computer interface; Electrophysiology; ocular artifacts (OAs); Signal to noise ratio; Electroencephalography (EEG); Interface applications; Machine interfaces; Matchings; Removal algorithms; Spectra's; spectrum; Spectrum analysis; Spectrum magnitude; template match; Template match; Template matching","","","","","","","","","","","","","","","","","","","","","","","","","","","","","","","","","","","","","","","","","","","","","","",""
"KPMMW2C5","journalArticle","2022","Shahbakhti, M.; Beiramvand, M.; Rejer, I.; Augustyniak, P.; Broniec-Wojcik, A.; Wierzchon, M.; Marozas, V.","Simultaneous Eye Blink Characterization and Elimination from Low-Channel Prefrontal EEG Signals Enhances Driver Drowsiness Detection","IEEE Journal of Biomedical and Health Informatics","","","10.1109/JBHI.2021.3096984","https://www.scopus.com/pages/publications/85110798406?origin=resultslist","Objective: Blink-related features derived from electroencephalography (EEG) have recently arisen as a meaningful measure of driver's cognitive state. Combined with band power features of low-channel prefrontal EEG data, blink-derived features enhance the detection of driver drowsiness. Yet, it remains unanswered whether synergy of combined blink and EEG band power features for the detection of driver drowsiness may be further boosted if a proper eye blink removal is also applied before EEG analysis. This paper proposes an algorithm for simultaneous eye blink feature extraction and elimination from low-channel prefrontal EEG data. Methods: Firstly, eye blink intervals (EBIs) are identified from the Fp1 EEG channel using variational mode extraction, and then blink-related features are derived. Secondly, the identified EBIs are projected to the rest of EEG channels and then filtered by a combination of principal component analysis and discrete wavelet transform. Thirdly, a support vector machine with 10-fold cross-validation is employed to classify alert and drowsy states from the derived blink and filtered EEG band power features. Main results: When compared the synergy of eye blink and EEG features before and after filtering by the proposed algorithm, a significant improvement in the mean accuracy of driver drowsiness detection was achieved (71.2% vs. 78.1%, p $< $ 0.05). Significance: This paper validates a novel view of eye blinks as both a source of information and artifacts in EEG-based driver drowsiness detection.  © 2013 IEEE.","2022","2026-05-28 02:08:39","2026-05-28 02:08:39","","1001-1012","","3","26","","","","","","","","","","","","","Scopus","","","","","","D:\zoterodb\MohammadShahbakhti2022.pdf","","10-fold cross-validation; accuracy; algorithm; Algorithms; amplitude modulation; Article; artifact; Artifact; Artifacts; blinking; Blinking; cognition; Cognitive state; controlled study; cross validation; decomposition; Derived features; diagnostic test accuracy study; discrete wavelet transform; Discrete wavelet transforms; Driver drowsiness; drowsiness; EEG; EEG analysis; Eeg datum; EEG signals; electroencephalography; Electroencephalography; electrooculography; Electrophysiology; Extraction; Eye blink; eyelid reflex; fatigue; feature extraction; Feature extraction; filtration; human; Humans; Mode extraction; monitoring; principal component analysis; quality improvement study; receiver operating characteristic; resting state network; sensitivity and specificity; signal noise ratio; simulation; support vector machine; Support vector machines; wakefulness; Wakefulness; wavelet analysis; Wavelet Analysis","","","","","","","","","","","","","","","","","","","","","","","","","","","","","","","","","","","","","","","","","","","","","","",""
"QAZHDUHB","journalArticle","2023","Jiang, Y.; Wu, D.; Cao, J.; Jiang, L.; Zhang, S.; Wang, D.","Eyeblink Detection Algorithm Based on Joint Optimization of VME and Morphological Feature Extraction","IEEE Sensors Journal","","","10.1109/JSEN.2023.3305118","https://www.scopus.com/pages/publications/85168748579?origin=resultslist","Eyeblink detection is critical in areas such as electroencephalography (EEG) artifact removal and health monitoring. In this article, we propose a single-channel automatic eyeblink detection algorithm based on joint optimization of variational mode extraction (VME) algorithm and morphological feature extraction (MFE). First, we use the k-means clustering algorithm and discrete Fourier transform (DFT) to automatically extract the center frequency of eyeblink signal. Simultaneously, we use singular spectrum analysis (SSA) to filter the EEG data. Then, eyeblink detection is performed based on VME and adaptive threshold extracted by MFE. Finally, the processing of eyeblink detection is globally optimized based on gray wolf optimization (GWO) to obtain the best combination of parameters in VME and MFE, and the performance of the algorithm is verified by experiments on semi-simulated dataset and collected real EEG database of nine subjects. Several traditional eyeblink detection methods are compared, and the results show that the joint optimization method obtains the best accuracy, sensitivity, and false negative rate of 97.63%, 92.64%, and 0.017, respectively.  © 2023 IEEE.","2023","2026-05-28 02:08:38","2026-05-29 14:54:22","","21374-21384","","18","23","","","","","","","","","","","","","Scopus","","","","","","D:\zoterodb\YiningJiang2023.pdf","","Mode extraction; Extraction; Feature extraction; Features extraction; Discrete Fourier transforms; Signal detection; K-means clustering; Clustering; Clusterings; Eye-blink detections; eyeblink detection; Gray wolf optimization; gray wolf optimization (GWO); Gray wolves; Morphological feature extraction; morphological feature extraction (MFE); Morphological features; Optimisations; Variational mode extraction; variational mode extraction (VME)","","","","","","","","","","","","","","","","","","","","","","","","","","","","","","","","","","","","","","","","","","","","","","",""
"U4ECLBXV","journalArticle","2020","Saini, M.; Satija, U.","An Effective and Robust Framework for Ocular Artifact Removal from Single-Channel EEG Signal Based on Variational Mode Decomposition","IEEE Sensors Journal","","","10.1109/JSEN.2019.2942153","https://www.scopus.com/pages/publications/85077810048?origin=resultslist","Removal of ocular artifacts (OAs) from electroencephalogram (EEG) signal is crucial for accurate and effective EEG analysis and brain-computer interface research. The elimination of OAs is quite challenging in absence of reference electro-oculogram and in single-channel EEG signal using existing independent component analysis based OA removal techniques. Though few of the recent OAs removal techniques suppress the OAs in the single-channel significantly, these techniques introduce distortion in clinical features of the EEG signal during artifact removal process. To address these issues, in this paper, we propose a robust framework for the detection and removal of OAs based on variational mode decomposition (VMD) and turning point count. The proposed framework exploits the effectiveness of VMD in two stages denoted as VMD-I and VMD-II respectively. The proposed framework has four components: EEG signal decomposition into two modes using VMD-I; rejection of low-frequency baseline components; processed EEG signal decomposition into three modes using VMD-II; rejection of mode containing OAs based on turning point count based threshold criteria. We evaluate the effectiveness of the proposed framework using the EEG signals in presence of various ocular artifacts with different amplitudes and shapes taken from three standard databases including, Mendeley database, MIT-BIH Polysmnographic database and EEG during mental arithmetic tasks database. Evaluation results demonstrate that proposed framework eliminates OAs with minimal loss in valuable clinical features in both reconstructed EEG signal and in all local rhythms. Furthermore, subjective and objective comparative analysis demonstrate that our framework outperforms few existing OAs removal techniques in removing OAs from single-channel EEG signal. © 2001-2012 IEEE.","2020","2026-05-28 02:02:21","2026-05-28 02:02:21","","369-376","","1","20","","","","","","","","","","","","","Scopus","","","","","","D:\zoterodb\ManaliSaini2020.pdf","","Electroencephalogram signals; Electroencephalography; Mode decomposition; Ocular artifacts; Brain computer interface; Electroencephalogram (EEG); Independent component analysis; variational mode decomposition; Electro-encephalogram (EEG); Signal processing; Comparative analysis; Database systems; Single channel eeg; ocular artifacts; Evaluation results; Mental arithmetic; Signal distortion","","","","","","","","","","","","","","","","","","","","","","","","","","","","","","","","","","","","","","","","","","","","","","",""
"QSSWPHCL","conferencePaper","2022","Farago, E.; Law, A.J.; Ghosh Hajra, S.; Chan, A.D.C.","Blink and saccade detection from forehead EEG","","","","10.1109/I2MTC48687.2022.9806494","https://www.scopus.com/pages/publications/85134430878?origin=resultslist","Ocular artifacts that are commonly found in electroencephalography (EEG) recordings are typically discarded as noise; however, this ocular data has the potential to assist with neuroergonomic assessment of cognitive state. In this paper, we develop and evaluate regression models to extract ocular data (e.g., blink rate, saccade rate) from EEG recordings. We used EEG data recorded from participants performing the Multi-Attribute Task Battery simulation at low, medium, and high workloads, with electrooculography (EOG) data recorded simultaneously as a ground truth. Linear regression models were developed to predict EOG data from forehead EEG channels. EOG data were predicted with correlations between 0.72 and 0.94. Blinks were detected in 45×5 min EEG segments per participant with mean precision and recall of 81% and 79% respectfully. Saccades were detected with mean precision and recall of 75% and 76%, respectfully. Blink rates were identified from EEG at similar rates and relationships across workloads. The saccade rate was more varied depending on the participant and may require further investigation to improve.  © 2022 IEEE.","2022","2026-05-28 02:02:21","2026-05-28 02:02:21","","","","","","","","","","","","","","","","","","Scopus","","","","","","D:\zoterodb\farago2022.pdf","","Electroencephalography; Ocular artifacts; electroencephalography; electrooculography; Electrophysiology; Regression analysis; Eye movements; Cognitive state; blink detection; Blink detections; Blink rates; cognitive state; Low-high; Mean precision; Multi-attributes; Precision and recall; Regression modelling; saccade detection; Saccade detections","","","","","","","","","","","","","","","","","","","","","","","","","","","","","","","","Conference Record - IEEE Instrumentation and Measurement Technology Conference","","","","","","","","","","","","","","",""
"6EFASIQT","conferencePaper","2024","Gajendiran, S.; Sivagnanam, Y.","Acquisition and Detection of Eye Movement Using Electrooculography","","","","10.1109/SPARC61891.2024.10829113","https://www.scopus.com/pages/publications/85217078885?origin=resultslist","Human-Computer Interaction (HCI) systems are becoming admired daily for eye-tracking environments. Electrooculography (EOG) is the technique for recording eye movement with the help of keeping electrodes near the eyes and forehead. EOG is captured by recording polarization potential between the cornea and retina, which measures corneal-retinal potential (CPR). In this concept, eye movement generates electric signals so that we can able to control the device in his/her environment and communicate with the required people. EOG signals are taken as the primary input using Electrodes. In the electrode first ionic energy converts into an electric signal in the body which is amplified and preprocessed to remove noise and artifacts then feature is extracted and used for real-time applications like biomedical and rehabilitation engineering applications, home automation, multitask gadget control, etc. In this process time domain features are calculated such as Mean, STD, RMS, Skewness, and Kurtosis then saccade and fixation are detected in Blink signal. In the future, EOGs may provide attractive means for virtual reality and valuable communication tools. © 2024 IEEE.","2024","2026-05-28 02:02:21","2026-05-28 02:02:21","","","","","","","","","","","","","","","","","","Scopus","","","","","","D:\zoterodb\Sruthilaya2024.pdf","","Biomedical signal processing; Image analysis; Electrooculography; Energy; Signal detection; Eye movements; and artifact; And artifact; Bioinformatics; Computer interaction; Detection of eyes; Electric signal; Electrodes; Eye controlled devices; Eye protection; Eye-movement; Eye-tracking; Human rehabilitation engineering; Human-computer interaction; Human-computer interaction system; noise; Noise; Polarization potential; Primary inputs","","","","","","","","","","","","","","","","","","","","","","","","","","","","","","","","IEEE International Conference on Signal Processing and Advance Research in Computing, SPARC 2024","","","","","","","","","","","","","","",""
"H22KDJVS","journalArticle","2021","Cao, J.; Chen, L.; Hu, D.; Dong, F.; Jiang, T.; Gao, W.; Gao, F.","Unsupervised Eye Blink Artifact Detection from EEG with Gaussian Mixture Model","IEEE Journal of Biomedical and Health Informatics","","","10.1109/JBHI.2021.3057891","https://www.scopus.com/pages/publications/85100865237?origin=resultslist","Eye blink is one of the most common artifacts in electroencephalogram (EEG) and significantly affects the performance of the EEG related applications, such as epilepsy recognition, spike detection, encephalitis diagnosis, etc. To achieve an accurate and efficient eye blink detection, a novel unsupervised learning algorithm based on a hybrid thresholding followed with a Gaussian mixture model (GMM) is presented in this paper. The EEG signal is priliminarily screened by a cascaded thresholding method built on the distributions of signal amplitude, amplitude displacement, as well as the cross channel correlation. Then, the channel correlation of the two frontal electrodes (FP1, FP2), the fractal dimension, and the mean of amplitude difference between FP1 and FP2, are extracted to characterize the filtered EEGs. The GMM trained on these features is applied for the eye blink detection. The performance of the proposed algorithm is studied on two EEG datasets collected by the Temple University Hospital (TUH) and the Children's Hospital, Zhejiang University School of Medicine (CHZU), where the datasets are recorded from epilepsy and encephalitis patients, and contain a lot of eye blink artifacts. Experimental results show that the proposed algorithm can achieve the highest detection precision and F1 score over the state-of-the-art methods. © 2013 IEEE.","2021","2026-05-28 02:02:21","2026-05-28 11:23:10","","2895-2905","","8","25","","","","","","","","","","","","","Scopus","","","","","","D:\zoterodb\cao2021.pdf","","Biomedical signal processing; electroencephalogram; Electroencephalography; algorithm; Algorithms; Article; artifact; Artifacts; blinking; Blinking; electroencephalography; eye movement; Fourier transform; human; Humans; signal noise ratio; signal processing; Signal Processing, Computer-Assisted; support vector machine; machine learning; Neurology; correlation coefficient; Electro-encephalogram (EEG); eyelid reflex; Eye-blink detections; artificial neural network; Learning algorithms; entropy; mathematical model; process optimization; accuracy; learning algorithm; classification algorithm; vision; Amplitude difference; amplitude displacement; Amplitude displacements; channel correlation; Channel correlation; child; Child; cognitive defect; cross correlation; density; detection algorithm; encephalitis; epilepsy; Eye blink artifact detection; fractal analysis; Fractal dimension; frequency; frequency analysis; Gaussian distribution; Gaussian Mixture Model; GMM; Hospitals; long term memory; P wave; performance; probability; sensitivity and specificity; State-of-the-art methods; Thresholding methods; training; university hospital; unsupervised learning; unsupervised machine learning; validation process; variance","","","","","","","","","","","","","","","","","","","","","","","","","","","","","","","","","","","","","","","","","","","","","","",""
"4PSY6QXT","conferencePaper","2022","Tuong Minh, Q.; Le Thi Be, S.; Le Quoc, K.; Huynh Quang, L.","A Selective EOG Removal Method for EEG Signals: The Multi-thresholding Technique","","","","10.1007/978-3-030-75506-5_78","https://www.scopus.com/pages/publications/85115116280?origin=resultslist","EOG is one of the major artifacts in EEG signal processing. There are varieties of methods have been proposed that aim to eliminate the influence of Occular artifacts on the EEG signals. However, the problem is the trade-off between their performance of removing EOG artifact and their simplicity. In this study, we propose a simple and reliable method but giving a good performance. The idea of this method is to use a multi-threshold technique to target EOG contaminated parts in the signal then selectively subtract it out in order to get a corrected signal with a minimum alteration on the uncontaminated parts. In this study, we used triple-threshold, both in time and frequency domain, to target the contaminated parts (or EOG artifact component). The result shows that besides its simplicity, this method also reliable and effective when selectively removed some typical EOG artifacts like blinks or eye movements without altering other clean parts in the EEG signals. More than that, our method is also able to extract the estimated EOG artifact component from the EEG signal. The need for this method is only one single prefrontal EEG channel, no need for an EOG reference channel for the input. The source code of this method is freely available to download in the form of a MATLAB function by request. We encourage the researchers to give it a try. © 2022, Springer Nature Switzerland AG.","2022","2026-05-28 02:02:21","2026-05-28 02:02:21","","991-1000","","","85","","","","","","","","","","","","","Scopus","","","","","","D:\zoterodb\QuocTuongMinh2020.pdf","","Electroencephalogram (EEG); Frequency domain analysis; Signal processing; Eye movements; Biomedical engineering; Economic and social effects; EEG signal processing; Electrooculogram (EOG); Matlab functions; Multi-thresholding technique; Multithreshold; Reference channels; Reliable methods; Removal method; Simple EOG artifact removal; Thresholding techniques; Time and frequency domains","","","","","","","","","","","","","","","","","","","","","","","","","","","","","","","","IFMBE Proceedings","","","","","","","","","","","","","","",""
"5GX6BR49","journalArticle","2017","Wang, M.; Guo, L.; Chen, W.-Y.","Blink detection using Adaboost and contour circle for fatigue recognition","Computers and Electrical Engineering","","","10.1016/j.compeleceng.2016.09.008","https://www.scopus.com/pages/publications/84994453371?origin=resultslist","Aiming at the problem of traffic accidents, an Adaboost and Contour Circle (ACC) algorithm is developed based on a traditional Adaboost method and the proposed contour circle (CC) for recognizing whether eyes are in open state or closed state. First, Adaboost method is used to detect human faces and eye regions. Second, the pixels of the pupil region are removed by the given grid method. Third, the least squares method is utilized to fit the CC of the upper eyelid. Fourth, the center and radius of the CC are extracted as the feature vector. Finally, the eyes state is recognized according to the defined threshold. It is experimentally proved that the vertical coordinate of the CC is the best feature which can classified whether the eyes are in open state or closed state by the linear decision surface. Besides, the feature vector can classify the eyes states by nonlinear decision surfaces. The correct ratio of the blink detection is 96.6%, and the fatigue blink recognition accuracy is 91.5%. © 2016 Elsevier Ltd","2017","2026-05-28 02:02:20","2026-05-28 02:02:20","","502-512","","","58","","","","","","","","","","","","","Scopus","","","","","","","","Adaboost; Adaptive boosting; Blink detection; Blink detections; Contour circle; Face recognition; Fatigue recognition; Feature vector; Feature vectors; Grid method; Grid methods; Least squared method; Least squares approximations; Threshold criterion","","","","","","","","","","","","","","","","","","","","","","","","","","","","","","","","","","","","","","","","","","","","","","",""
"FGMPP74T","journalArticle","2024","Hazarika, U.; Borah, B.B.; Baruah, S.M.B.; Roy, S.","A real-time detection of eye blinks from the electroencephalogram: A morphological component analysis approach","Leveraging the Potential of Artificial Intelligence in the Real World: Smart Cities and Healthcare","","","10.1201/9781032667508-6","https://www.scopus.com/pages/publications/85204466708?origin=resultslist","The electroencephalogram (EEG) is frequently used as the model of a non-invasive interface for gathering information about a person's mental state. There will always be artifacts in the recorded electrical activity of the brain that will confound any attempts to analyze the EEG data. Therefore, it is essential to devise strategies for identifying the artifacts and extracting the clean EEG data during encephalogram recordings. Based on the Morphological Component Analysis mechanism, the suggested system offers a real-time approach of detecting eye-blink artifacts from EEG signals acquired using a TGAM EEG sensor. The proposed method was assessed using cutting-edge datasets, revealing that the correlation or the correspondence between the unprocessed EEG and the purified signal varied within a range from 0.75 to 0.94, depending on the extent of contamination caused by both mild and severe eye blinks. © 2025 selection and editorial matter, Tien Anh Tran, Edeh Michael Onyema and Arij Naser Abougreen. All rights reserved.","2024","2026-05-28 02:02:20","2026-05-28 02:02:20","","88-98","","","","","","","","","","","","","","","","Scopus","","","","","","","","","","","","","","","","","","","","","","","","","","","","","","","","","","","","","","","","","","","","","","","","","","","","","","",""
"R5UAAKHP","journalArticle","2025","Rabbani, M.; Sabith, N.U.S.; Parida, A.; Iqbal, I.; Mamun, S.M.; Khan, R.A.; Ahmed, F.; Ahamed, S.I.","EEG based real time classification of consecutive two eye blinks for brain computer interface applications","Scientific Reports","","","10.1038/s41598-025-07205-0","https://www.scopus.com/pages/publications/105009813816?origin=resultslist","Human eye blinks are considered a significant contaminant or artifact in electroencephalogram (EEG), which impacts EEG-based medical or scientific applications. However, eye blink detection can instead be transformed into a potential application of brain–computer interfaces (BCI). This study introduces a novel real-time EEG-based framework for classifying three blink states: no blink, single blink, and two consecutive blinks in one model. EEG data were collected from ten healthy participants using an 8-channel wearable headset under controlled blinking conditions. The data were preprocessed and analyzed using four feature extraction techniques: basic statistical, time-domain, amplitude-driven, and frequency-domain methods. The most significant features were selected to develop three machine learning models: XGBoost, support vector machine (SVM), and neural network (NN). We achieved the highest accuracy of 89.0% for classifying multiple-eye blink detection. To further enhance the model’s capacity and suitability for real-life BCI applications, we trained and employed the You Only Look Once (YOLO) model, achieving a recall of 98.67%, a precision of 95.39%, and mAP50 of 99.5%, demonstrating its superior accuracy and robustness in classifying two consecutive eye blinks. In conclusion, this study will be the first groundwork and open a new dimension in EEG-based BCI research by classifying multiple-eye blink detection. © The Author(s) 2025.","2025","2026-05-28 02:02:20","2026-05-28 02:02:20","","","","1","15","","","","","","","","","","","","","Scopus","","","","","","D:\zoterodb\masudRabbani2025.pdf","","Brain; Electroencephalography; blinking; Blinking; brain; electroencephalography; human; Humans; physiology; procedures; signal processing; Signal Processing, Computer-Assisted; female; adult; male; support vector machine; machine learning; Adult; brain computer interface; Brain-Computer Interfaces; Female; Male; young adult; Young Adult; artificial neural network; Neural Networks, Computer; Machine Learning; BCI for communication and control; Brain–computer interface (BCI); Machine learning in neuroscience; Multiple eye blink detection; Real-time eye blink classification; Support Vector Machine; YOLOv8 for eye blink detection","","","","","","","","","","","","","","","","","","","","","","","","","","","","","","","","","","","","","","","","","","","","","","",""
"DST3RFGL","journalArticle","2022","Ahmad, N.S.; Teo, J.H.; Goh, P.","Gaussian Process for a Single-channel EEG Decoder with Inconspicuous Stimuli and Eyeblinks","Computers, Materials and Continua","","","10.32604/cmc.2022.025823","https://www.scopus.com/pages/publications/85130194231?origin=resultslist","A single-channel electroencephalography (EEG) device, despite being widely accepted due to convenience, ease of deployment and suitability for use in complex environments, typically poses a great challenge for reactive brain-computer interface (BCI) applications particularly when a continuous command from users is desired to run a motorized actuator with different speed profiles. In this study, a combination of an inconspicuous visual stimulus and voluntary eyeblinks along with a machine learning-based decoder is considered as a new reactive BCI paradigm to increase the degree of freedom and minimize mismatches between the intended dynamic command and transmitted control signal. The proposed decoder is constructed based on Gaussian Process model (GPM) which is a nonparametric Bayesian approach that has the advantages of being able to operate on small datasets and providing measurements of uncertainty on predictions. To evaluate the effectiveness of the proposed method, the GPM is compared against other competitive techniques which include k-Nearest Neighbors, linear discriminant analysis, support vector machine, ensemble learning and neural network. Results demonstrate that a significant improvement can be achieved via the GPM approach with average accuracy reaching over 96% and mean absolute error of no greater than 0.8 cm/s. In addition, the analysis reveals that while the performances of other existing methods deteriorate with a certain type of stimulus due to signal drifts resulting from the voluntary eyeblinks, the proposed GPM exhibits consistent performance across all stimuli considered, thereby manifesting its generalization capability and making it a more suitable option for dynamic commands with a single-channel EEG-controlled actuator. © 2022 Tech Science Press. All rights reserved.","2022","2026-05-28 02:02:20","2026-05-28 02:02:20","","611-628","","1","73","","","","","","","","","","","","","Scopus","","","","","","D:\zoterodb\ahmadNs2022.pdf","","Electroencephalography; Single channels; Brain computer interface; Brain-computer interface; Electrophysiology; Support vector machines; Brain-computer interface applications; Gaussian distribution; Actuators; Complex environments; Decoding; Degrees of freedom (mechanics); Discriminant analysis; dynamic command; Dynamic command; electroence phalography; Electroence phalography; Eyeblink; Gaussian noise (electronic); gaussian process model; Gaussian process models; Gaussian Processes; Nearest neighbor search; Uncertainty analysis; visual stimulus; Visual stimulus; Voluntary eyeblink; voluntary eyeblinks","","","","","","","","","","","","","","","","","","","","","","","","","","","","","","","","","","","","","","","","","","","","","","",""
"BEFYAVP5","conferencePaper","2022","Mahamune, R.; Laskar, S.H.; Dharmale, N.; Kant, P.","Ocular artifacts removal from EEG signals using Discrete Wavelet Transform and Quadratic Regression Method","","","","10.1109/INDISCON54605.2022.9862874","https://www.scopus.com/pages/publications/85138069582?origin=resultslist","Interference of ocular artifacts (OAs) misled our perception of brain activity. In this paper, a combination of Discrete Wavelet Transform (DWT) and quadratic regression method is presented for the removal of ocular artifacts from the contaminated EEG channels. The proposed approach is using the Fp1 channel to estimate ocular artifact as it is highly contaminated by the eyeblinks and eye movements. DWT is applied on a signal from the Fp1 channel to get an estimate of ocular artifact and this noise estimate is used as a noise reference in the quadratic regression method to remove the ocular artifacts. The use of the Fp1 channel for the estimation of ocular artifact eliminates the requirement of additional electrooculogram (EOG) channels. The proposed approach is compared with the other noise removal techniques i.e. quadratic non-linear regression method, adaptive filtering (NLMS) based method, combination of Wavelet Transform, and Independent Component Analysis (wICA). The proposed approach is evaluated on a publicly available semi-simulated dataset. Three performance measures (Root Mean Squared Error, Power spectrum distortion, and Signal to Artifact ratio) are adopted to test how successfully algorithms remove ocular artifacts and how much the EEG signals are distorted after the artifact rejection procedure. Experimental results show that the proposed approach performs better than the other three methods compared. The proposed approach enhances the EEG signals and will contribute to improving the classification accuracy of BCI applications. © 2022 IEEE.","2022","2026-05-28 02:02:20","2026-05-28 02:02:20","","","","","","","","","","","","","","","","","","Scopus","","","","","","D:\zoterodb\RupeshMahamune2022.pdf","","Biomedical signal processing; Brain; Electroencephalography; Ocular artifacts; Artifact removal; EEG signals; Electro-oculogram; Electroencephalogram; Brain computer interface; Discrete wavelet transforms; Discrete-wavelet-transform; Signal reconstruction; Mean square error; Regression analysis; Independent component analysis; Eye movements; Independent components analysis; Electrooculogram; Adaptive filtering; Adaptive filters; Brain activity; Eyeblink; Discrete Wavelet Transform; Independent Component Analysis; Ocular Artifacts; Quadratic regression; Regression method","","","","","","","","","","","","","","","","","","","","","","","","","","","","","","","","Proceedings - 3rd IEEE India Council International Subsections Conference: Impactful Innovations for Benefits of Society and Industry, INDISCON 2022","","","","","","","","","","","","","","",""
"LKNZDL8L","journalArticle","2025","Arpaia, P.; De Luca, M.; Di Marino, L.; Duran, D.; Gargiulo, L.; Lanteri, P.; Moccaldi, N.; Nalin, M.; Picciafuoco, M.; Robbio, R.; Visani, E.","A Systematic Review of Techniques for Artifact Detection and Artifact Category Identification in Electroencephalography from Wearable Devices","Sensors","","","10.3390/s25185770","https://www.scopus.com/pages/publications/105017231876?origin=resultslist","Wearable electroencephalography (EEG) enables brain monitoring in real-world environments beyond clinical settings; however, the relaxed constraints of the acquisition setup often compromise signal quality. This review examines methods for artifact detection and for the identification of artifact categories (e.g., ocular) and specific sources (e.g., eye blink) in wearable EEG. A systematic search was conducted across six databases using the query: (“electroencephalographic” OR “electroencephalography” OR “EEG”) AND (“Artifact detection” OR “Artifact identification” OR “Artifact removal” OR “Artifact rejection”) AND “wearable”. Following PRISMA guidelines, 58 studies were included. Artifacts in wearable EEG exhibit specific features due to dry electrodes, reduced scalp coverage, and subject mobility, yet only a few studies explicitly address these peculiarities. Most pipelines integrate detection and removal phases but rarely separate their impact on performance metrics, mainly accuracy (71%) when the clean signal is the reference and selectivity (63%), assessed with respect to physiological signal. Wavelet transforms and ICA, often using thresholding as a decision rule, are among the most frequently used techniques for managing ocular and muscular artifacts. ASR-based pipelines are widely applied for ocular, movement, and instrumental artifacts. Deep learning approaches are emerging, especially for muscular and motion artifacts, with promising applications in real-time settings. Auxiliary sensors (e.g., IMUs) are still underutilized despite their potential in enhancing artifact detection under ecological conditions. Only two studies addressed artifact category identification. A mapping of validated pipelines per artifact type and a survey of public datasets are provided to support benchmarking and reproducibility. © 2025 by the authors.","2025","2026-05-28 02:02:20","2026-05-28 02:02:20","","","","18","25","","","","","","","","","","","","","Scopus","","","","","","D:\zoterodb\pasquale2025.pdf","","Biomedical signal processing; Brain; EEG; Electroencephalography; artifact; Artifact removal; Artifacts; brain; electroencephalography; human; Humans; physiology; procedures; signal processing; Signal Processing, Computer-Assisted; Deep learning; Electrophysiology; artifact removal; Data reduction; Artifact detection; artifact detection; artifact identification; Artifact identification; Brain monitoring; Clinical settings; Pipelines; Query processing; Real world environments; Signal quality; Systematic Review; wearable; Wearable; Wearable devices; wearable electronic device; Wearable Electronic Devices; Wearable sensors","","","","","","","","","","","","","","","","","","","","","","","","","","","","","","","","","","","","","","","","","","","","","","",""
"C2X825UQ","conferencePaper","2019","Agarwal, M.; Sivakumar, R.","Blink: A Fully Automated Unsupervised Algorithm for Eye-Blink Detection in EEG Signals","","","","10.1109/ALLERTON.2019.8919795","https://www.scopus.com/pages/publications/85077800026?origin=resultslist","Eye-blinks are known to substantially contaminate EEG signals, and thereby severely impact the decoding of EEG signals in various medical and scientific applications. In this work, we consider the problem of eye-blink detection that can then be employed to reliably remove eye-blinks from EEG signals. We propose a fully automated and unsupervised eyeblink detection algorithm, Blink that self-learns user-specific brainwave profiles for eye-blinks. Hence, Blink does away with any user training or manual inspection requirements. Blink functions on a single channel EEG, and is capable of estimating the start and end timestamps of eye-blinks in a precise manner. We collect four different eye-blink datasets and annotate 2300+ eye-blinks to evaluate the robustness performance of Blink across headsets (OpenBCI and Muse), eye-blink types (voluntary and involuntary), and various user activities (watching a video, reading an article, and attending to an external stimulation). The Blink algorithm performs consistently with an accuracy of over 98% for all the tasks with an average precision of 0.934. The source code and annotated datasets are released publicly for reproducibility and further research. To the best of our knowledge, this is the first ever annotated eye-blink EEG dataset released in the public domain. © 2019 IEEE.","2019","2026-05-28 02:02:20","2026-05-28 02:02:20","","1113-1121","","","","","","","","","","","","","","","","Scopus","","","","","","D:\zoterodb\MohitAgarwal2019.pdf","","Single channel eeg; Eye-blink detections; Annotated datasets; Computer programming; Computer science; Control engineering; External stimulation; Manual inspection; Reproducibilities; Scientific applications; Unsupervised algorithms","","","","","","","","","","","","","","","","","","","","","","","","","","","","","","","","2019 57th Annual Allerton Conference on Communication, Control, and Computing, Allerton 2019","","","","","","","","","","","","","","",""
"HK732W3F","journalArticle","2018","Valderrama, J.T.; De La Torre, A.; Van Dun, B.","An automatic algorithm for blink-artifact suppression based on iterative template matching: Application to single channel recording of cortical auditory evoked potentials","Journal of Neural Engineering","","","10.1088/1741-2552/aa8d95","https://www.scopus.com/pages/publications/85040685732?origin=resultslist","Objective. Artifact reduction in electroencephalogram (EEG) signals is usually necessary to carry out data analysis appropriately. Despite the large amount of denoising techniques available with a multichannel setup, there is a lack of efficient algorithms that remove (not only detect) blink-artifacts from a single channel EEG, which is of interest in many clinical and research applications. This paper describes and evaluates the iterative template matching and suppression (ITMS), a new method proposed for detecting and suppressing the artifact associated with the blink activity from a single channel EEG. Approach. The approach of ITMS consists of (a) an iterative process in which blink-events are detected and the blink-artifact waveform of the analyzed subject is estimated, (b) generation of a signal modeling the blink-artifact, and (c) suppression of this signal from the raw EEG. The performance of ITMS is compared with the multi-window summation of derivatives within a window (MSDW) technique using both synthesized and real EEG data. Main results. Results suggest that ITMS presents an adequate performance in detecting and suppressing blink-artifacts from a single channel EEG. When applied to the analysis of cortical auditory evoked potentials (CAEPs), ITMS provides a significant quality improvement in the resulting responses, i.e. in a cohort of 30 adults, the mean correlation coefficient improved from 0.37 to 0.65 when the blink-artifacts were detected and suppressed by ITMS. Significance. ITMS is an efficient solution to the problem of denoising blink-artifacts in single-channel EEG applications, both in clinical and research fields. The proposed ITMS algorithm is stable; automatic, since it does not require human intervention; low-invasive, because the EEG segments not contaminated by blink-artifacts remain unaltered; and easy to implement, as can be observed in the Matlab script implemeting the algorithm provided as supporting material. © 2018 IOP Publishing Ltd.","2018","2026-05-28 02:02:20","2026-05-28 02:02:20","","","","1","15","","","","","","","","","","","","","Scopus","","","","","","","","Biomedical signal processing; electroencephalogram; Electroencephalogram signals; Electroencephalography; algorithm; Algorithms; Article; artifact; Artifact removal; Artifacts; blinking; Blinking; electroencephalography; electrooculography; Electrooculography; human; Humans; physiology; procedures; signal noise ratio; female; human experiment; adult; Brain computer interface; Electrophysiology; male; artifact reduction; Quality control; Adult; artifact removal; brain computer interface; Female; Male; correlation coefficient; Single channel eeg; eyelid reflex; priority journal; Template matching; Correlation coefficient; Iterative methods; auditory evoked potential; auditory stimulation; Bioelectric potentials; braincomputer interface (BCI) games; cohort analysis; De-noising techniques; Evoked Potentials, Auditory; quality enhancement; Quality enhancement; single channel EEG; Single channel recording; Sound recording","","","","","","","","","","","","","","","","","","","","","","","","","","","","","","","","","","","","","","","","","","","","","","",""
"JFTJCTE7","journalArticle","2023","Zhang, Y.; Zheng, X.; Xu, W.; Liu, H.","RT-Blink: A Method Toward Real-Time Blink Detection From Single Frontal EEG Signal","IEEE Sensors Journal","","","10.1109/JSEN.2022.3232176","https://www.scopus.com/pages/publications/85147217709?origin=resultslist","Eye blinks take an important role for electroencephalography (EEG) signals that on one hand, they can severely impact the EEG signals, and on the other hand, they may provide useful information for brain-computer interface (BCI) and scientific applications. In particular, it is challenging to detect blinks in real time from a single channel of EEG signals. In this work, we propose a short windowed and random forest based method toward the Real-Time Blink detection (RT-Blink), which balances the processing granularity and computation complexity. RT-Blink uses a potential blink (PB) boundary detecting algorithm and a pretrained random forest (RF) model with a set of features, including sample entropy (SampEn), standard deviation (SD), range of amplitude (RA), and rate of grade (RG), which enables fully automated identification of the duration of blinks from a single-channel EEG signal. The window size of RT-Blink can be adjusted according to the processing speed of the underlying hardware and the requirement of real time, which can be down to one-point EEG data. RT-Blink provides a scalable framework, which can be realized in software, hardware accelerator, or their mixture. Using EEG data contaminated by blinks, we show that RT-Blink achieves 96.54% and 91.25% for average sensitivity and precision, respectively. The time window is 60 ms based on our computer, with minimized overlapping for blink boundary detection. The average processing time is 5.07 ms for each time window, with average 1.65 ms of SD for all the EEG test cases. The results suggest that RT-Blink has promising potential toward real-time EEG applications.  © 2001-2012 IEEE.","2023","2026-05-28 02:02:20","2026-05-29 14:54:28","","2794-2802","","3","23","","","","","","","","","","","","","Scopus","","","","","","D:\zoterodb\yuangzhang2023.pdf","","Biomedical signal processing; Electroencephalography; Single channels; Brain computer interface; Electrophysiology; Real- time; electroencephalography (EEG); Eye blink; Blink detections; Brain-computer interface (BCI); eye blinks; random forest (RF); Random forests; Real-time electroencephalography; realtime EEG; Standard deviation; Statistics; Time windows","","","","","","","","","","","","","","","","","","","","","","","","","","","","","","","","","","","","","","","","","","","","","","",""
"U68IEYFL","journalArticle","2021","Wang, J.; Cao, J.; Hu, D.; Jiang, T.; Gao, F.","Eye Blink Artifact Detection with Novel Optimized Multi-Dimensional Electroencephalogram Features","IEEE Transactions on Neural Systems and Rehabilitation Engineering","","","10.1109/TNSRE.2021.3099232","https://www.scopus.com/pages/publications/85111561189?origin=resultslist","Accurate eye blink artifact detection is essential for electroencephalogram (EEG) analysis and auxiliary analysis of nervous system diseases, especially in the presence of the frontal epileptiform discharges. In this paper, we develop a novel eye blink artifact detection algorithm based on optimally selected multi-dimensional EEG features. Specific efforts have been paid to filtering the frontal epileptiform discharges, where an unsupervised learning exploiting the EEG signal physiological characteristics and smooth nonlinear energy operator (SNEO) based on the K-means clustering has been firstly proposed. Multiple statistical EEG features derived from the frontal electrodes and other electrodes are then extracted to characterize eye blink artifacts. Discriminative feature selection scheme based on the variance filtering and Relief algorithms has been respectively studied, and the average correlation coefficient (ACC) is applied for feature optimization evaluation. The eye blink artifact detection is finally achieved based on the support vector machine (SVM) trained on the optimized EEG features. The effectiveness of the proposed algorithm is demonstrated by experiments carried out on the EEG database of 11 subjects recorded from the Children's Hospital, Zhejiang University School of Medicine (CHZU). Comparisons to several state-of-the-art (SOTA) eye blink artifact detection methods are also presented. © 2001-2011 IEEE.","2021","2026-05-28 02:02:20","2026-05-29 14:54:19","","1494-1503","","","29","","","","","","","","","","","","","Scopus","","","","","","D:\zoterodb\jianhuiwang2021.pdf","","electroencephalogram; Electroencephalography; algorithm; Algorithms; Article; artifact; Artifacts; blinking; Blinking; electroencephalography; eye movement; human; Humans; signal processing; Signal Processing, Computer-Assisted; controlled study; k means clustering; feature extraction; Feature extraction; feature selection; support vector machine; Support vector machines; correlation coefficient; Electro-encephalogram (EEG); K-means clustering; Eye-blink artifacts; eyelid reflex; entropy; mathematical model; classification algorithm; child; Child; detection algorithm; Eye blink artifact detection; clinical article; school child; Electrodes; Average correlation coefficients; convolution algorithm; Discriminative features; Electric discharges; epileptic discharge; Epileptiform discharges; Feature optimizations; frequency modulation; Frontal epileptiform discharge screening; Multi dimensional; Multi-dimensional feature extraction and optimization; Physiological characteristics; preschool child; smooth nonlinear energy operator; SNEO","","","","","","","","","","","","","","","","","","","","","","","","","","","","","","","","","","","","","","","","","","","","","","",""
"EXMLDRXM","journalArticle","2016","Chang, Won-Du; Cha, Ho-Seung; Kim, Kiwoong; Im, Chang-Hwan","Detection of eye blink artifacts from single prefrontal channel electroencephalogram","Computer Methods and Programs in Biomedicine","","0169-2607","https://doi.org/10.1016/j.cmpb.2015.10.011","https://www.sciencedirect.com/science/article/pii/S0169260715002710","Eye blinks are one of the most influential artifact sources in electroencephalogram (EEG) recorded from frontal channels, and thereby detecting and rejecting eye blink artifacts is regarded as an essential procedure for improving the quality of EEG data. In this paper, a novel method to detect eye blink artifacts from a single-channel frontal EEG signal was proposed by combining digital filters with a rule-based decision system, and its performance was validated using an EEG dataset recorded from 24 healthy participants. The proposed method has two main advantages over the conventional methods. First, it uses single-channel EEG data without the need for electrooculogram references. Therefore, this method could be particularly useful in brain–computer interface applications using headband-type wearable EEG devices with a few frontal EEG channels. Second, this method could estimate the ranges of eye blink artifacts accurately. Our experimental results demonstrated that the artifact range estimated using our method was more accurate than that from the conventional methods, and thus, the overall accuracy of detecting epochs contaminated by eye blink artifacts was markedly increased as compared to conventional methods. The MATLAB package of our library source codes and sample data, named Eyeblink Master, is open for free download.","2016","2026-05-28 01:49:59","2026-05-28 01:49:59","","19-30","","","124","","","","","","","","","","","","","","","","","","","C:\Users\balan\Zotero\storage\FWQE44CC\Chang2016.pdf","","","Electroencephalogram (EEG); Artifact detection; Eye blink; Electrooculogram (EOG)","","","","","","","","","","","","","","","","","","","","","","","","","","","","","","","","","","","","","","","","","","","","","",""
"2CN5VURF","journalArticle","2023","Karas, K.; Pozzi, L.; Pedrocchi, A.; Braghin, F.; Roveda, L.","Brain-computer interface for robot control with eye artifacts for assistive applications","Scientific Reports","","","10.1038/s41598-023-44645-y","https://www.scopus.com/pages/publications/85174254741?origin=resultslist","Human-robot interaction is a rapidly developing field and robots have been taking more active roles in our daily lives. Patient care is one of the fields in which robots are becoming more present, especially for people with disabilities. People with neurodegenerative disorders might not consciously or voluntarily produce movements other than those involving the eyes or eyelids. In this context, Brain-Computer Interface (BCI) systems present an alternative way to communicate or interact with the external world. In order to improve the lives of people with disabilities, this paper presents a novel BCI to control an assistive robot with user’s eye artifacts. In this study, eye artifacts that contaminate the electroencephalogram (EEG) signals are considered a valuable source of information thanks to their high signal-to-noise ratio and intentional generation. The proposed methodology detects eye artifacts from EEG signals through characteristic shapes that occur during the events. The lateral movements are distinguished by their ordered peak and valley formation and the opposite phase of the signals measured at F7 and F8 channels. This work, as far as the authors’ knowledge, is the first method that used this behavior to detect lateral eye movements. For the blinks detection, a double-thresholding method is proposed by the authors to catch both weak blinks as well as regular ones, differentiating itself from the other algorithms in the literature that normally use only one threshold. Real-time detected events with their virtual time stamps are fed into a second algorithm, to further distinguish between double and quadruple blinks from single blinks occurrence frequency. After testing the algorithm offline and in realtime, the algorithm is implemented on the device. The created BCI was used to control an assistive robot through a graphical user interface. The validation experiments including 5 participants prove that the developed BCI is able to control the robot. © 2023, Springer Nature Limited.","2023","2026-05-29 14:53:32","2026-05-31 05:24:20","","","","1","13","","","","","","","","","","","","","Scopus","","","","","","C:\Users\balan\Zotero\storage\NI2TEQI7\Karas et al. - 2023 - Brain-computer interface for robot control with eye artifacts for assistive applications.pdf; D:\zoterodb\KaanKaras2023.pdf","","Electroencephalography; algorithm; Algorithms; artifact; Artifacts; electroencephalography; eye movement; Eye Movements; human; Humans; procedures; Brain-Computer Interfaces; robotics; Robotics; User-Computer Interface","Biomedical engineering; Electrical and electronic engineering","","","","","","","","","","","","","","","","","","","","","","","","","","","","","","","","","","","","","","","","","","","","","",""
"V6XVQM9V","journalArticle","2007","Kim, Sunghan; McNames, James","Automatic spike detection based on adaptive template matching for extracellular neural recordings","Journal of Neuroscience Methods","","0165-0270","10.1016/j.jneumeth.2007.05.033","","Recordings of extracellular neural activity are used in many clinical applications and scientific studies. In most cases, these signals are analyzed as a point process, and a spike detection algorithm is required to estimate the times at which action potentials occurred. Recordings from high-density microelectrode arrays (MEAs) and low-impedance microelectrodes often have a low signal-to-noise ratio (SNR<10) and contain action potentials from more than one neuron. We describe a new detection algorithm based on template matching that only requires the user to specify the minimum and maximum firing rates of the neurons. The algorithm iteratively estimates the morphology of the most prominent action potentials. It is able to achieve a sensitivity of >90% with a false positive rate of <5Hz in recordings with an estimated SNR=3, and it performs better than an optimal threshold detector in recordings with an estimated SNR>2.5.","2007-09-30","2026-05-31 04:47:23","2026-05-31 05:23:53","","165-174","","2","165","","J Neurosci Methods","","","","","","","","eng","","","","","PubMed","","","","; C:\Users\balan\Zotero\storage\8TEC8JTV\Kim and McNames - 2007 - Automatic spike detection based on adaptive template matching for extracellular neural recordings.pdf; C:\Users\balan\Zotero\storage\GMXARVW7\S0165027007002634.html","http://www.ncbi.nlm.nih.gov/pubmed/17669507","","Algorithms; Artifacts; Humans; Signal Processing, Computer-Assisted; Electrophysiology; Neurons; Neurophysiology; Action potential; Eigenfilter; Extracellular neuronal recordings; Matched filter; Spike detection; Spike discrimination; Spike train; Threshold selection; Action Potentials; Central Nervous System; Electric Impedance; Microelectrodes; Reproducibility of Results","","","","","","","","","","","","","","","","","","","","","","","","","","","","","","","","","","","","","","","","","","","","","",""
"Z7B7JPE5","webpage","","","Detection of eye closing/opening from EOG and its application in robotic arm control | Polona","","","","","https://polona2.pl/item/detection-of-eye-closing-opening-from-eog-and-its-application-in-robotic-arm-control,MTM0Mzg4MzI4/0/#info:metadata","","","2026-05-30 13:55:47","2026-05-30 13:55:47","2026-05-30 13:55:47","","","","","","","","","","","","","","","","","","","","","","","C:\Users\balan\Zotero\storage\XYXNYZCW\0.html","","","","","","","","","","","","","","","","","","","","","","","","","","","","","","","","","","","","","","","","","","","","","","","","",""
"WUIBRAGV","conferencePaper","2010","Duguleana, Mihai; Mogan, Gheorghe","Using Eye Blinking for EOG-Based Robot Control","Emerging Trends in Technological Innovation","978-3-642-11628-5","","10.1007/978-3-642-11628-5_37","","This paper proposes a new approach to real-time robot controlling by integrating an Electrooculography (EOG) measuring device within human-robot interaction (HRI). Our study focuses on controlling robots using EOG for fulfilling elementary robot activities such as basic motor movements and environment interaction. A new EOG-based HRI paradigm has been developed on the specific defined problem of eye blinking. The resulted model is tested using biometric capturing equipment. We propose a simple algorithm for real-time identification and processing of signals produced by eyes during blinking phases. We present the experimental setup and the results of the experiment. We conclude by listing further research issues.","2010","2026-05-30 13:52:30","2026-05-30 13:52:30","","343-350","","","","","","","","","","","Springer","Berlin, Heidelberg","en","","","","","Springer Link","","","","D:\zoterodb\Dugulean2010.pdf; C:\Users\balan\Zotero\storage\KFC2BVTN\Duguleana and Mogan - 2010 - Using Eye Blinking for EOG-Based Robot Control.pdf","","","Electrooculography; eye blink; control; human-robot interaction; robot","Camarinha-Matos, Luis M.; Pereira, Pedro; Ribeiro, Luis","","","","","","","","","","","","","","","","","","","","","","","","","","","","","","","","","","","","","","","","","","","","",""
"LBKAI8LJ","journalArticle","2026","Sarathkumar, M.; Rajalakshmi, J.; Marimuthu, J.; Solairaj, A.","Optimized eyeblink artifact removal in EEG signal using attention-based spiking neural networks","Biomedical Signal Processing and Control","","","10.1016/j.bspc.2026.109571","https://www.scopus.com/pages/publications/105027725255?origin=resultslist","Electroencephalogram (EEG) is widely used to monitor the cerebral activities. However, artifacts arising from non-cerebral sources such as eye movements, eye blinks and muscle activities often corrupt the recorded signals and significantly reducing reliability. To address this challenge, this paper proposes an Optimized Eyeblink Artifact Removal in EEG using Attention-Based Spiking Neural Networks (EAR-ASNN-OSP). The proposed framework integrates four core modules: Signed Cumulative Distribution Transform (SCDT) for robust feature extraction, Attention Spiking Neural Network (ASNN) for artifact detection, Efficient Binary Crayfish Optimization (EBCO) for adaptive weight parameter optimization, and a Dendritic Neural Network (DNN) for effective artifact removal. The SCDT captures discriminative features such as variance, average rectified value, and peak-to-peak amplitude, which are then supplied to the ASNN for classification of EEG signals into normal, corrupt, and eyeblink categories. EBCO further enhances detection performance by optimizing the ASNN weights, while the DNN ensures accurate removal of identified artifacts. The system was implemented in Python, and its performance was rigorously evaluated using metrics such as accuracy, precision, recall, F1-score, entropy, and computational time. Experimental results demonstrate that EAR-ASNN-OSP outperforms existing techniques including AEMD-RES-KCLN, QEF-ML-EAD, and DBP-EWT-EES. Specifically, the proposed method achieves up to 15.17 % higher accuracy, 20.11 % higher precision, and 19.19 % higher F1-score compared to state-of-the-art approaches. These findings highlight the effectiveness and robustness of EAR-ASNN-OSP, making it a promising solution for reliable EEG artifact detection and removal, thereby enhancing the quality and interpretability of EEG-based clinical and research applications. © 2026","2026","2026-05-29 14:53:35","2026-05-29 14:53:35","","","","","117","","","","","","","","","","","","","Scopus","","","","","","D:\zoterodb\Sarathkumar2026.pdf","","Biomedical signal processing; electroencephalogram; Electroencephalogram signals; Brain; Electroencephalography; Optimization; artifact; electroencephalography; eye movement; human; article; benchmarking; diagnosis; feature extraction; Feature extraction; nerve cell network; Classification (of information); Eye movements; eyelid reflex; Optimisations; Neural networks; entropy; Artifact detection; Attention spiking neural network; crayfish; Cumulative distribution; Dendritics; Efficient binary cray fish optimization; Eye-blink artifact removals; muscle contraction; Neural-networks; reliability; Signed cumulative distribution transform; spiking neural network","","","","","","","","","","","","","","","","","","","","","","","","","","","","","","","","","","","","","","","","","","","","","","",""
"I6U7JJT4","journalArticle","2026","Yu, Q.; Lin, C.; Wang, W.; Feng, Z.; Wen, M.","Automatic EEG artifact detection using a local-global feature fusion network in time and time-frequency domains","Acta Epileptologica","","","10.1186/s42494-026-00248-4","https://www.scopus.com/pages/publications/105031565106?origin=resultslist","Background: Video electroencephalographies (VEEGs) are often affected by artifacts, which can diminish clinicians’ efficiency in interpreting VEEG data and potentially result in diagnostic errors. Conversely, certain ictal VEEG artifacts caused by automatisms, such as rhythmic chewing and blinking, may offer significant diagnostic clues for temporal lobe epilepsy. To address the challenges mentioned above, this study aims to develop an algorithm capable of automatically identifying and classifying artifact types, assisting clinicians in distinguishing interference signals from seizure signals. Methods: This paper proposes a Local-Global Feature Fusion Network based on Time-Domain and Time-Frequency Domain (LG-TDTFD-Net) for detecting and classifying temporal lobe epilepsy artifacts. The model processes time-domain and time-frequency signals separately, leveraging convolutional neural network (CNN) to extract local features from both domains. Additionally, convolution operations are performed on the features extracted by the Transformer to capture deep local features, resulting in a feature set that simultaneously encompasses global, deep, and shallow local information. Results: Experimental results demonstrate that the proposed method excels in detecting and classifying temporal lobe epilepsy artifacts, outperforming existing baseline models on clinical and public datasets. Conclusions: The method effectively exploits the complementarity among the three feature types by utilizing feature concatenation and CNN-based fusion, enhancing feature representation and improving model generalization. Trial registration: The Chinese Clinical Trial Registry, ChiCTR2300079319. Registered 30 December 2023, https://www.chictr.org.cn/showproj.html?proj=214123. © The Author(s) 2026.","2026","2026-05-29 14:53:35","2026-05-29 14:53:35","","","","1","8","","","","","","","","","","","","","Scopus","","","","","","C:\Users\balan\Zotero\storage\INBMPG79\Yu et al. - 2026 - Automatic EEG artifact detection using a local-global feature fusion network in time and time-freque.pdf","","electroencephalogram; algorithm; Article; artifact; electroencephalography; human; signal processing; diagnosis; diagnostic error; Signal processing; convolutional neural network; deep learning; seizure; adolescent; automatism; Deep learning model; EEG artifact detection; mastication; Multi-domain feature fusion; temporal lobe epilepsy; Temporal-lobe-epilepsy; videorecording","","","","","","","","","","","","","","","","","","","","","","","","","","","","","","","","","","","","","","","","","","","","","","",""
"XMC3C8IQ","journalArticle","2022","Dewi, C.; Chen, R.-C.; Jiang, X.; Yu, H.","Adjusting eye aspect ratio for strong eye blink detection based on facial landmarks","PeerJ Computer Science","","","10.7717/peerj-cs.943","https://www.scopus.com/pages/publications/85129680312?origin=resultslist","Blink detection is an important technique in a variety of settings, including facial movement analysis and signal processing. However, automatic blink detection is very challenging because of the blink rate. This research work proposed a real-time method for detecting eye blinks in a video series. Automatic facial landmarks detectors are trained on a real-world dataset and demonstrate exceptional resilience to a wide range of environmental factors, including lighting conditions, face emotions, and head position. For each video frame, the proposed method calculates the facial landmark locations and extracts the vertical distance between the eyelids using the facial landmark positions. Our results show that the recognizable landmarks are sufficiently accurate to determine the degree of eye-opening and closing consistently. The proposed algorithm estimates the facial landmark positions, extracts a single scalar quantity by using Modified Eye Aspect Ratio (Modified EAR) and characterizing the eye closeness in each frame. Finally, blinks are detected by the Modified EAR threshold value and detecting eye blinks as a pattern of EAR values in a short temporal window. According to the results from a typical data set, it is seen that the suggested approach is more efficient than the stateof-the-art technique. © Copyright 2022 Dewi et al.","2022","2026-05-29 14:53:34","2026-05-29 14:53:34","","","","","8","","","","","","","","","","","","","Scopus","","","","","","","","Signal-processing; Eye-blink detections; Eye blink; Blink detections; Face recognition; Aspect ratio; Aspect-ratio; Blink Detections; Dlib; Eye aspect ratio; Eye Aspect Ratio; Eye Blink; Facial landmark; Facial Landmarks; Facial movements; Movement analysis","","","","","","","","","","","","","","","","","","","","","","","","","","","","","","","","","","","","","","","","","","","","","","",""
"WHZFLXJU","journalArticle","2023","Wang, M.; Cui, X.; Wang, T.; Jiang, T.; Gao, F.; Cao, J.","Eye blink artifact detection based on multi-dimensional EEG feature fusion and optimization","Biomedical Signal Processing and Control","","","10.1016/j.bspc.2023.104657","https://www.scopus.com/pages/publications/85147324893?origin=resultslist","Eye blink is the most common artifact in electroencephalogram (EEG), which usually affects the performance of EEG-based applications, such as neurological aided diagnostic analysis. For low spatial resolution EEG signals, current methods generally lack of spatial filtering, leading to a degraded performance. In this paper, a novel eye blink artifact detection algorithm based on multiple EEG feature fusion and PSO optimization is proposed in a few-channel data environment. The forehead FP1 and FP2 electrodes EEGs are decomposed based on empirical mode decomposition (EMD) through autocorrelation coefficients for signal filtering. The EEG variance features are extracted by the Common Spatial Pattern (CSP) filtering to enhance the feature discrimination. The particle swarm optimization (PSO) combined with support vector machine (SVM) is applied for feature fusion and optimization. We evaluate the performance on real recorded EEG dataset by the Children's Hospital of Zhejiang University School of Medicine (CHZU). There contain EEGs with eye blink artifacts of 20 subjects. The results show that the proposed method can achieve the highest accuracy, recall rate, precision and F1 value. © 2023 Elsevier Ltd","2023","2026-05-29 14:53:34","2026-05-29 14:53:34","","","","","83","","","","","","","","","","","","","Scopus","","","","","","","","Biomedical signal processing; Electroencephalography; algorithm; Article; electroencephalography; Empirical mode decomposition; human; image artifact; signal processing; blind source separation; feature extraction; Feature extraction; feature selection; support vector machine; Support vector machines; empirical mode decomposition; correlation coefficient; particle swarm optimization; comparative study; Eye-blink artifacts; eyelid reflex; Eyes-blink artifacts; filtration; spectroscopy; Eye-blink detections; Particle swarm; Particle swarm optimization; Particle swarm optimization (PSO); Swarm optimization; Artifact detection; Empirical Mode Decomposition; child; detection algorithm; epilepsy; school child; preschool child; analytical parameters; autocorrelation; common spatial pattern; Common spatial pattern; Common spatial patterns; diagnostic accuracy; Eye blink detection; faintness; Features fusions; febrile convulsion; power spectral density; tic","","","","","","","","","","","","","","","","","","","","","","","","","","","","","","","","","","","","","","","","","","","","","","",""
"N2AA64QA","conferencePaper","2024","Hamid, H.; Mujab, A.S.; Pramudita, B.A.; Rizal, A.","Empirical Mode Decomposition and k-Nearest Neighbors Combination for Removing Ocular Artifact in EEG Signals","","","","10.1109/ICITISEE63424.2024.10730076","https://www.scopus.com/pages/publications/85210476785?origin=resultslist","Electroencephalography (EEG) is a commonly used technique for assessing brain activity through electrodes placed on the scalp. EEG signals hold significant information often utilized for diagnosing neurological disorders and interpreting psychological symptoms. However, EEG signals are frequently interfered with ocular artifacts (OAs), which can lead to potential misinterpretations since OA frequently occurs during the recording process. Thus, OA is very crucial to be removed or minimized the OA effect. This study proposes a novel method for automatically removing OAs by combining Empirical Mode Decomposition (EMD) with classification methods such as k-NN, SVM, and k-means. Those methods were designed to reduce the OA effect and obtain the EEG signal without omitting the information outside of OA area. The reduction of ocular artifacts (OAs) involved several steps: preprocessing, feature extraction, classification, de noising, and signal reconstruction to achieve a clean EEG signal. The proposed methods were evaluated for their effectiveness in reducing OAs by using Root Mean Square Error (RMSE) and Signal-to-Noise Ratio (SNR). The results indicate that the EMD-kNN method performs best, achieving an RMSE of 0.0211 and an SNR of 0.1950. Hence, this study can be concluded that EMD-kNN can perform better noise cancellation and minimal error compared to EMD-SVM and EMD-K-Means. In the future, research could investigate the integration of these methods with real-time EEG monitoring systems. © 2024 IEEE.","2024","2026-05-29 14:53:34","2026-05-29 14:53:34","","17-22","","","","","","","","","","","","","","","","Scopus","","","","","","D:\zoterodb\HusniHamid2024.pdf","","Signal denoising; Electroencephalography; Ocular artifacts; Variational mode decomposition; Empirical mode decomposition; Neurological disorders; Signal to noise ratio; K-means; Root mean square errors; Electrotherapeutics; Image coding; Brain activity; Brain mapping; Empirical Mode Decomposition; Nearest neighbor search; Classification; EMD; kNN; KNN; Nearest-neighbour; Noise ratio; Ocular Artifact; Potassium alloys; Signal to noise","","","","","","","","","","","","","","","","","","","","","","","","","","","","","","","","2024 8th International Conference on Information Technology, Information Systems and Electrical Engineering, ICITISEE 2024","","","","","","","","","","","","","","",""
"3CZ5BXKC","journalArticle","2022","Gawande, R.; Badotra, S.","Deep-Learning Approach for Efficient Eye-blink Detection with Hybrid Optimization Concept","International Journal of Advanced Computer Science and Applications","","","10.14569/IJACSA.2022.0130693","https://www.scopus.com/pages/publications/85133372435?origin=resultslist","In this research work, a novel eye-blink detection model is developed. The proposed eye blink detection model is modeled by following seven major phases: (a) video–to-frame conversion, (b) Pre-processing, (c) face detection, (d) eye region localization, (e) eye landmark detection and eye status detection, (f) eye blink detection and (f) Eye blink Classification. Initially, from the collected raw video sequence (input), each individual frames are extracted in the video –to-frame conversion phase. Then, each of the frames is subjected to pre-processing phase, where the quality of the image in the frames is improved using proposed Kernel median filtering (KMF) approach. In the face detection phase, the Viola-Jones Model has been utilized. Then, from the detected faces, the eye region is localization within the proposed eye region localization phase. The proposed Eye region localization phase encapsulates two major phases: Feature extraction and landmark detection. The features like improved active shape models (I-ASMs), Local Binary pattern are extracted from the detected facial images. Then, the eye region is localization by using a new optimized Convolution neural network framework. This optimized CNN framework is trained with the extracted features (I-ASM and LBP). Moreover, to enhance the classification accuracy of eye localization, the weight of CNN is fine-tuned using a new Seagull Optimization with Enhanced Exploration (SOEE), which is the improved version of standard Seagull Optimization Algorithm (SOA). The outcome from optimized CNN framework is providing the exact location of the eye region. Once the eye region is detected, it is essential to detect the status of the eye (whether open or close). The status of the eye is detected by computing the eye aspect ratio (EAR). Then, the identified eye blinks are classified based on the computed correlation coefficient as long and short blinks. Finally, a comparative evaluation has been accomplished to validate the projected model. © 2022. International Journal of Advanced Computer Science and Applications. All Rights Reserved.","2022","2026-05-29 14:53:34","2026-05-29 14:53:34","","782-795","","6","13","","","","","","","","","","","","","Scopus","","","","","","","","Deep learning; Feature extraction; Eye-blink detections; Optimisations; Face recognition; Aspect ratio; Aspect-ratio; Eye aspect ratio; Active Shape Models; Cnn; Eye aspect ratio (ear); Eye localization; Eye regions; Eye-blink detection; Eyes localization; Image enhancement; Improved active shape model; Improved active shape model (i-asm); Local binary pattern; Median filters; Seagull optimization with enhanced exploration; Seagull optimization with enhanced exploration (soee); Video signal processing","","","","","","","","","","","","","","","","","","","","","","","","","","","","","","","","","","","","","","","","","","","","","","",""
"UGX77HVM","journalArticle","2025","Chandralekha, M.; Jayadurga, N.P.; Chen, T.M.; Sathiyanarayanan, M.; Saleem, K.; Orgun, M.A.","A synergistic approach for enhanced eye blink detection using wavelet analysis, autoencoding and Crow-Search optimized k-NN algorithm","Scientific Reports","","","10.1038/s41598-025-95119-2","https://www.scopus.com/pages/publications/105003113618?origin=resultslist","This research endeavor introduces a state-of-the-art, assimilated approach for eye blink detection from Electroencephalography signals. It combines the prominent strategies of wavelet analysis, autoencoding, and a Crow-Search-optimized k-Nearest Neighbors to enhance the performance of eye blink detection from EEG signals. This procedure is initiated by escalating the robustness of EEG data through jittering, which integrates noise into the dataset. Consequently, the wavelet transform is highly demanded during feature extraction in identifying the essential time–frequency components of the signals. These features are further distilled using an autoencoder to provide a dense, yet informative representation. Prior to introducing these features into the machine learning system, they were adjusted. Evidently, the hyperparameters of the k-Nearest Neighbors model have been fine-tuned using Crow Search Algorithm, inspired by the hunting characteristics of crows. This optimization method actively samples the search space to balance exploration and exploitation to identify the optimal configuration for the model. The k-NN model that has been optimized using the proposed method demonstrates significantly higher performance in the eye blink detection process in comparison to the deep learning models when equipped with decorous feature extraction and fine tuning. The effectiveness of the developed system has been ascertained according to the assessment indices such as accuracy, classification reports, and confusion matrix. Thus, the present work offers an optimal method of detecting the eye blink from the EEG signals assisting in the development of further EEG applications including user interfaces, fatigue level identification, and neurological disorders analysis through the enhancement of signal processing and optimization methods. It becomes evident after a detailed evaluation that conventional machine learning algorithms if implemented with correct feature extraction and fine-tuning surpass the deep learning approaches including the frameworks composed of Convolutional Neural Network and Principal Component Analysis and empirical mode decomposition by approximately 96% across all datasets. This proves the advantage of optimized traditional Machine Learning models over the Deep Learning models in realistic EEG-based eye blink detection. © The Author(s) 2025.","2025","2026-05-29 14:53:33","2026-05-29 14:53:33","","","","1","15","","","","","","","","","","","","","Scopus","","","","","","","","Electroencephalography; algorithm; Algorithms; blinking; Blinking; electroencephalography; human; Humans; physiology; procedures; signal processing; Signal Processing, Computer-Assisted; Electroencephalogram; adult; Feature extraction; machine learning; Adult; Wavelet analysis; Signal processing; deep learning; artificial neural network; Deep Learning; Neural Networks, Computer; wavelet analysis; Wavelet Analysis; Machine Learning; Eye blink detection; Autoencoder; Crow Search algorithm; k-Nearest neighbors","","","","","","","","","","","","","","","","","","","","","","","","","","","","","","","","","","","","","","","","","","","","","","",""
"QGNPVGLH","journalArticle","2022","Sawangjai, P.; Trakulruangroj, M.; Boonnag, C.; Piriyajitakonkij, M.; Tripathy, R.K.; Sudhawiyangkul, T.; Wilaiprasitporn, T.","EEGANet: Removal of Ocular Artifacts from the EEG Signal Using Generative Adversarial Networks","IEEE Journal of Biomedical and Health Informatics","","","10.1109/JBHI.2021.3131104","https://www.scopus.com/pages/publications/85120543731?origin=resultslist","The elimination of ocular artifacts is critical in analyzing electroencephalography (EEG) data for various brain-computer interface (BCI) applications. Despite numerous promising solutions, electrooculography (EOG) recording or an eye-blink detection algorithm is required for the majority of artifact removal algorithms. This reliance can hinder the model's implementation in real-world applications. This paper proposes EEGANet, a framework based on generative adversarial networks (GANs), to address this issue as a data-driven assistive tool for ocular artifacts removal (source code is available at https://github.com/IoBT-VISTEC/EEGANet). After the model was trained, the removal of ocular artifacts could be applied calibration-free without relying on the EOG channels or the eye blink detection algorithms. First, we tested EEGANet's ability to generate multi-channel EEG signals, artifacts removal performance, and robustness using the EEG eye artifact dataset, which contains a significant degree of data fluctuation. According to the results, EEGANet is comparable to state-of-The-Art approaches that utilize EOG channels for artifact removal. Moreover, we demonstrated the effectiveness of EEGANet in BCI applications utilizing two distinct datasets under inter-day and subject-independent schemes. Despite the absence of EOG signals, the classification performance of the signals processed by EEGANet is equivalent to that of traditional baseline methods. This study demonstrates the potential for further use of GANs as a data-driven artifact removal technique for any multivariate time-series bio-signal, which might be a valuable step towards building next-generation healthcare technology.  © 2013 IEEE.","2022","2026-05-29 14:53:33","2026-05-29 14:53:33","","4913-4924","","10","26","","","","","","","","","","","","","Scopus","","","","","","D:\zoterodb\PhattarapongSawangjai2022.pdf","","Biomedical signal processing; electroencephalogram; Brain; Electroencephalography; algorithm; Algorithms; Article; artifact; Artifact removal; Artifacts; blinking; Blinking; electroencephalography; electrooculogram; electrooculography; Electrooculography; eye movement; human; Humans; procedures; signal noise ratio; signal processing; Signal Processing, Computer-Assisted; Electroencephalogram; electroencephalogram (EEG); Brain computer interface; Brain-computer interface; Electrophysiology; imagery; Signal detection; eyelid reflex; Generative adversarial network; Generative adversarial networks; eye tracking; ocular artifact; learning algorithm; Time series; Time-series data; Brain modeling; AI in healthcare; BCI competition; brain-computer interface (BCI); eye artifact dataset; generative adversarial networks (GANs); Health care; high throughput technology; hyperparameter variation; impact of subject independent procedure; inference times; model architecture; model implementation; model training; multimodal signal dataset; Multivari-eat time-series data; multivariate time-series data; Ocular ar-tifact removal; ocular artifact removal; sampling; statistical parameters; subject independent scenario; time series analysis; Usability; usability in the BCI application","","","","","","","","","","","","","","","","","","","","","","","","","","","","","","","","","","","","","","","","","","","","","","",""
"7FIPNU96","journalArticle","2023","Akuthota, S.; Kumar, K.R.; Janapati, R.","Artifacts removal techniques in EEG data for BCI applications: A survey","Computational Intelligence and Deep Learning Methods for Neuro-rehabilitation Applications","","","10.1016/B978-0-443-13772-3.00004-2","https://www.scopus.com/pages/publications/85188744508?origin=resultslist","This research article intends to provide a thorough examination of brain–computer interface (BCI) and the more scientific discoveries that have resulted from it. This review’s ultimate goal is to provide extensive research in BCI systems as well as to focus on mainly artifact removal techniques or methods that are very recently used in BCI and important aspects of BCIs. Artifact removal methodologies were critical in its preprocessing. In addition, the review highlights the applicability, practical difficulties, and outcomes related to BCI developments. It also lists different fields in which the BCI technique can be used. This detailed study indicates that, while progress is being made, considerable challenges remain for the advancement of the user. A comparative review of EEG artifact reduction techniques in BCI was performed, and their suitability to real-world EEG-BCI applications was discussed, as well as some suggestions and proposals for future research in this area based on the review's findings and current artifact removal techniques. © 2024 Elsevier Inc. All rights reserved including those for text and data mining AI training and similar technologies.","2023","2026-05-29 14:53:32","2026-05-29 14:53:32","","195-214","","","","","","","","","","","","","","","","Scopus","","","","","","","","BCI: Brain–computer interface; EB: Eye blink; ECG: ElectroCardioGram; EEG: ElectroEncephaloGram; EMG: ElectroMyoGram; EOG: ElectroOculoGram; ERS: event-related synchronization; HCI: human–computer interface; K-SVD: K-singular value decomposition; MI-BCI: motor imagery BCI","","","","","","","","","","","","","","","","","","","","","","","","","","","","","","","","","","","","","","","","","","","","","","",""
"2Z7CHREB","journalArticle","2024","Fang, Z.; Hu, D.; Zheng, R.; Jiang, T.; Gao, F.; Cao, J.","Multiple Artifact Detection Based on Adaptive Scalp Region Selection and Classifier Fusion","IEEE Sensors Journal","","","10.1109/JSEN.2024.3358911","https://www.scopus.com/pages/publications/85184317309?origin=resultslist","Long-term electroencephalography (EEG) rec- ordings contain multiple types of artifacts (eye blink artifacts, chewing artifacts, electromyography (EMG) artifacts, etc.), that severely interfere with the EEG reading by clinicians and researchers. Existing research often focuses on specific artifact detection, which cannot handle the complex multitype artifact detection. Therefore, a multiple artifact detection method based on adaptive scalp region selection and classifier fusion is proposed in this article. The main contributions of the article are as follows: 1) according to the characteristics of different scalp area generated by artifacts, adaptive brain region screening is realized. 2) ReliefF and mRMR are fused to realize two-stage feature evaluation and reduce the feature redundancy. 3) Multimodel cascade fusion can bring stronger robustness and better generalization. The data used in the study are collected from real patients suffering from benign epilepsy with centro-temporal spikes (BECT) at the Children's Hospital of Zhejiang University School of Medicine (CHZU). Compared with the state-of-the-art methods, the proposed method shows the best performance in the detection of multitype artifacts, and achieves the F1-score of 87%, precision of 87%, recall of 88%, and accuracy of 93% on the CHZU dataset. © 2001-2012 IEEE.","2024","2026-05-29 14:53:32","2026-05-29 14:53:32","","8438-8449","","6","24","","","","","","","","","","","","","Scopus","","","","","","D:\zoterodb\ZhiboFang2024.pdf","","Brain; Electroencephalography; Electrophysiology; Feature extraction; feature selection; Features extraction; Electromyography; Classification (of information); Correlation; Artifact detection; Brain modeling; Scalp; Adaptive scalp region selection; Classifiers fusion; Features selection; Multi-classifier; Multi-classifier fusion; multiclassifier fusion; multiple artifact detection; Multiple artifact detection; Region selections","","","","","","","","","","","","","","","","","","","","","","","","","","","","","","","","","","","","","","","","","","","","","","",""
"C557L3VX","journalArticle","2024","Shi, W.; Li, Y.; Cai, N.; Chen, R.; Cao, W.; Li, J.","Removal of Ocular and Muscular Artifacts from Multi-Channel EEG Using Improved Spatial-Frequency Filtering","IEEE Journal of Biomedical and Health Informatics","","","10.1109/JBHI.2024.3378980","https://www.scopus.com/pages/publications/85188670446?origin=resultslist","Over recent decades, electroencephalogram (EEG) has become an essential tool in the field of clinical analysis and neurological disease research. However, EEG recordings are notably vulnerable to artifacts during acquisition, especially in clinical settings, which can significantly impede the accurate interpretation of neuronal activity. Blind source separation is currently the most popular method for EEG denoising, but most of the sources it separates often contain both artifacts and brain activity, which may lead to substantial information loss if handled improperly. In this paper, we introduce a dual-threshold denoising method combining spatial filtering with frequency-domain filtering to automatically eliminate electrooculogram (EOG) and electromyogram (EMG) artifacts from multi-channel EEG. The proposed method employs a fusion of second-order blind identification (SOBI) and canonical correlation analysis (CCA) to enhance source separation quality, followed by adaptive threshold to localize the artifact sources, and strict fixed threshold to remove strong artifact sources. Stationary wavelet transform (SWT) is utilized to decompose the weak artifact sources, with subsequent adjustment of wavelet coefficients in respective frequency bands tailored to the distinct characteristics of each artifact. The results of synthetic and real datasets show that our proposed method maximally retains the time-domain and frequency-domain information in the EEG during denoising. Compared with existing techniques, the proposed method achieves better denoising performance, which establishes a reliable foundation for subsequent clinical analyses.  © 2013 IEEE.","2024","2026-05-29 14:53:32","2026-05-29 14:53:32","","3466-3477","","6","28","","","","","","","","","","","","","Scopus","","","","","","D:\zoterodb\WuxiangShi2024.pdf","","De-noising; electroencephalogram; Brain; Electroencephalography; algorithm; Algorithms; Article; artifact; Artifacts; electroencephalography; electrooculography; Electrooculography; human; Humans; procedures; signal processing; Signal Processing, Computer-Assisted; Electroencephalogram; electromyography; female; adult; Electrophysiology; male; Beamforming; Domain filtering; Electroencephalogram (EEG); Frequency domain analysis; Frequency domains; Frequency-domain filtering; Recording; Spatial filterings; correlation analysis; machine learning; Quality control; Adult; Electromyography; Female; Male; young adult; Young Adult; filtration; Multi channel; Wavelet transforms; ocular artifact; Noise abatement; wavelet analysis; Wavelet Analysis; Denoising; Blind source separation; mathematical analysis; sensitivity and specificity; Clinical research; Clinical analysis; dual threshold Model; Dual-threshold; dystonia; frequency domain filtering; frequency domain filtering module; joint independent component analysis; multi channel electroencephalogram; muscular artifact; Spatial filtering; spatial frequency filtering; Time domain analysis","","","","","","","","","","","","","","","","","","","","","","","","","","","","","","","","","","","","","","","","","","","","","","",""
"UR37SZ3S","journalArticle","2024","Zhang, R.; Rong, R.; Gan, J.Q.; Xu, Y.; Wang, H.; Wang, X.","Reliable and fast automatic artifact rejection of Long-Term EEG recordings based on Isolation Forest","Medical and Biological Engineering and Computing","","","10.1007/s11517-023-02961-5","https://www.scopus.com/pages/publications/85176285356?origin=resultslist","Long-term electroencephalogram (Long-Term EEG) has the capacity to monitor over a long period, making it a valuable tool in medical institutions. However, due to the large volume of patient data, selecting clean data segments from raw Long-Term EEG for further analysis is an extremely time-consuming and labor-intensive task. Furthermore, the various actions of patients during recording make it difficult to use algorithms to denoise part of the EEG data, and thus lead to the rejection of these data. Therefore, tools for the quick rejection of heavily corrupted epochs in Long-Term EEG records are highly beneficial. In this paper, a new reliable and fast automatic artifact rejection method for Long-Term EEG based on Isolation Forest (IF) is proposed. Specifically, the IF algorithm is repetitively applied to detect outliers in the EEG data, and the boundary of inliers is promptly adjusted by using a statistical indicator to make the algorithm proceed in an iterative manner. The iteration is terminated when the distance metric between clean epochs and artifact-corrupted epochs remains unchanged. Six statistical indicators (i.e., min, max, median, mean, kurtosis, and skewness) are evaluated by setting them as centroid to adjust the boundary during iteration, and the proposed method is compared with several state-of-the-art methods on a retrospectively collected dataset. The experimental results indicate that utilizing the min value of data as the centroid yields the most optimal performance, and the proposed method is highly efficacious and reliable in the automatic artifact rejection of Long-Term EEG, as it significantly improves the overall data quality. Furthermore, the proposed method surpasses compared methods on most data segments with poor data quality, demonstrating its superior capacity to enhance the data quality of the heavily corrupted data. Besides, owing to the linear time complexity of IF, the proposed method is much faster than other methods, thus providing an advantage when dealing with extensive datasets. Graphical Abstract: [Figure not available: see fulltext.]. © 2023, International Federation for Medical and Biological Engineering.","2024","2026-05-29 14:53:32","2026-05-29 14:53:32","","521-535","","2","62","","","","","","","","","","","","","Scopus","","","","","","D:\zoterodb\zhangRunkai2024.pdf","","electroencephalogram; Electroencephalography; Higher order statistics; algorithm; artifact; human; Machine-learning; article; machine learning; outlier detection; Machine learning; Iterative methods; Statistics; forest; Anomaly detection; Artifact rejections; Automatic rejection; data quality; Data quality; Data segment; Hospital data processing; Isolation forest; Isolation Forest; Long-Term EEG; Long-term electroencephalogram; Medical institutions; Outlier detection; Outlier Detection; retrospective study; Statistical indicators","","","","","","","","","","","","","","","","","","","","","","","","","","","","","","","","","","","","","","","","","","","","","","",""
"ARYZLKPY","journalArticle","2022","Wang, M.; Wang, J.; Cui, X.; Wang, T.; Jiang, T.; Gao, F.; Cao, J.","Multidimensional Feature Optimization Based Eye Blink Detection under Epileptiform Discharges","IEEE Transactions on Neural Systems and Rehabilitation Engineering","","","10.1109/TNSRE.2022.3164126","https://www.scopus.com/pages/publications/85127529609?origin=resultslist","Objectives: Eye blink artifact detection in scalp electroencephalogram (EEG) of epilepsy patients is challenging due to its similar waveforms to epileptiform discharges. Developing an accurate detection method is urgent and critical. Methods: In this paper, we proposed a novel multi-dimensional feature optimization based eye blink artifact detection algorithm for EEGs containing rich epileptiform discharges. An unsupervised clustering algorithm based on smoothed nonlinear energy operator (SNEO) and variational mode extraction (VME) is proposed to detect epileptiform discharges in the frontal leads. Then, multi-dimensional time/frequency EEG features extracted from forehead electrodes (FP1 and FP2 channels) combining with the improved VME (IVME) threshold are derived for EEG representation. A variance filtering method is further applied for discriminative feature selection and a machine learning model is finally learned to perform detection. Results: Experiments on EEGs of 16 subjects from the Children's Hospital of Zhejiang University School of Medicine (CHZU) show that our method achieves the highest average sensitivity, specificity and accuracy of 95.04, 89.52, and 93.01, respectively. That outperforms 5 recent and state-of-the-art (SOTA) eye blink detection algorithms. Significance: The proposed method is robust in eye blink artifact detection for EEGs containing high-frequency epileptiform discharges. It is also effective in dealing with individual differences in EEGs, which is usually ignored in conventional methods.  © 2001-2011 IEEE.","2022","2026-05-29 14:53:31","2026-05-29 14:53:31","","905-914","","","30","","","","","","","","","","","","","Scopus","","","","","","D:\zoterodb\MengWang2022.pdf","","Biomedical signal processing; Clustering algorithms; Electroencephalography; algorithm; Algorithms; Article; artifact; Artifacts; blinking; Blinking; electroencephalography; human; Humans; Mode extraction; procedures; signal noise ratio; controlled study; female; human experiment; adult; Electrophysiology; Extraction; feature extraction; Feature extraction; feature selection; male; principal component analysis; support vector machine; machine learning; Features extraction; Neurology; Detection algorithm; Signal detection; eyelid reflex; filtration; Optimisations; entropy; Epilepsy; accuracy; child; Child; detection algorithm; epilepsy; sensitivity and specificity; diagnostic test accuracy study; Electric discharges; epileptic discharge; Epileptiform discharges; Multi dimensional; time series analysis; clustering algorithm; Discharge (electric); Epileptiform discharge; Features optimizations; frontal lobe epilepsy; improved variational mode extraction; Improved variational mode extraction; multi-dimensional EEG feature optimization; Multi-dimensional electroencephalogram feature optimization; speech intelligibility; variance filtering; Variance filtering","","","","","","","","","","","","","","","","","","","","","","","","","","","","","","","","","","","","","","","","","","","","","","",""
"B2DBRKAZ","conferencePaper","2023","Faisal, M.; Sahoo, S.; Hazarika, J.","Eye-Blink Artifact Removal from EEG Signal using Machine Learning and De-noising Techniques","","","","10.1109/IC3S57698.2023.10169844","https://www.scopus.com/pages/publications/85166176209?origin=resultslist","EEG (Electroencephalogram) is the most extensively used non-invasive system to record brain signal for brain computer interface but it is vulnerable to different type of artifacts. In which, eye-blink artifact can be more prominent in some cases, which needs to be removed for better performance of BCI system. At first, contaminated EEG signal is identified using SVM classifier and k-means clustering. Then, A collection of de-noising techniques consisting Independent Component Analysis (ICA), Discrete Wavelet Transform (DWT) and Empirical Mode Decomposition (EMD) have been applied to remove eye-blink artifact from EEG signal. Different statistical measure which includes Root Mean Square Error (RMSE), Signal to Artifact Ratio (SAR) and Correlation coefficient (CC) are used to compare performance of each de-noising technique.  © 2023 IEEE.","2023","2026-05-29 14:53:30","2026-05-29 14:53:30","","","","","","","","","","","","","","","","","","Scopus","","","","","","D:\zoterodb\faisal2023.pdf","","Electroencephalogram signals; Electroencephalography; Wavelet decomposition; Artifacts; Empirical mode decomposition; Electroencephalogram; Brain computer interface; Discrete wavelet transforms; Discrete-wavelet-transform; Signal reconstruction; Mean square error; Independent component analysis; K-means clustering; Eye-blink artifacts; Eyes-blink artifacts; Independent components analysis; K-means; Machine learning; Artifact; DWT; Empirical Mode Decomposition; ICA; De-noising techniques; EMD; SVM","","","","","","","","","","","","","","","","","","","","","","","","","","","","","","","","2023 International Conference on Communication, Circuits, and Systems, IC3S 2023","","","","","","","","","","","","","","",""